x,y,z,ori_x,ori_y,speed,collided,invaded,distance_to_goal,t,wall,ran_light
16.233661651611328,187.9199981689453,0.21506419777870178,-1.0,-6.349878731271019e-06,0.0,False,False,676.0442606716315,1,1.3492562770843506,False
16.233661651611328,187.9199981689453,0.2146357297897339,-1.0,-6.349878731271019e-06,0.002700948624307476,False,False,676.0442606716315,2,1.530491590499878,False
16.233661651611328,187.9199981689453,0.2144676148891449,-1.0,-6.349878731271019e-06,0.0010032653808680055,False,False,676.0442606716315,3,1.5727579593658447,False
16.233661651611328,187.9199981689453,0.2144172638654709,-1.0,-6.349878731271019e-06,0.00020229339135062948,False,False,676.0442606716315,4,1.6076252460479736,False
16.23365020751953,187.9199981689453,0.21441493928432465,-1.0,-6.349878731271019e-06,0.001203007449273915,False,False,676.0442606716315,5,1.643916130065918,False
16.1976318359375,187.91903686523438,0.21433383226394653,-0.999999463558197,-0.001042039948515594,0.5680335837444557,False,False,676.0442606716315,6,1.6784327030181885,False
16.1169490814209,187.91563415527344,0.2142772674560547,-0.9999969601631165,-0.0024520449806004763,0.9802047339184615,False,False,676.0442606716315,7,1.7079899311065674,False
15.996334075927734,187.9129180908203,0.21425467729568481,-0.9999918341636658,-0.004032274708151817,1.3691825693748279,False,False,676.0442606716315,8,1.7422146797180176,False
15.836886405944824,187.91043090820312,0.21424934267997742,-0.9999844431877136,-0.005566718988120556,1.7710534173139707,False,False,676.0442606716315,9,1.7762186527252197,False
15.64897632598877,187.9085693359375,0.21428057551383972,-0.9999810457229614,-0.00614725798368454,1.9029462829482222,False,False,676.0442606716315,10,1.8110604286193848,False
15.513860702514648,187.90817260742188,0.21453307569026947,-0.9999701380729675,-0.007724359165877104,0.34942477086230567,False,False,676.0442606716315,11,1.845801591873169,False
15.512310028076172,187.908203125,0.21474970877170563,-0.999969482421875,-0.007789205759763718,2.2504283562766302e-05,False,False,676.0442606716315,12,1.8817195892333984,False
15.512242317199707,187.908203125,0.21465446054935455,-0.9999695420265198,-0.007789206225425005,3.488994178364123e-05,False,False,676.0442606716315,13,1.9162533283233643,False
15.512166023254395,187.90817260742188,0.21454855799674988,-0.9999696612358093,-0.00778920715674758,2.4091725825945835e-05,False,False,676.0442606716315,14,1.9509375095367432,False
15.512121200561523,187.90817260742188,0.2144860029220581,-0.9999696612358093,-0.00778920715674758,1.240238456451139e-05,False,False,676.0442606716315,15,1.98533296585083,False
15.512121200561523,187.90817260742188,0.2144860029220581,-0.9999696612358093,-0.00778920715674758,0.0,False,False,676.0442606716315,16,2.019681930541992,False
15.512121200561523,187.90817260742188,0.2144860029220581,-0.9999696612358093,-0.00778920715674758,0.0,False,False,676.0442606716315,17,2.05410099029541,False
15.512121200561523,187.90817260742188,0.2144860029220581,-0.9999696612358093,-0.00778920715674758,0.0,False,False,676.0442606716315,18,2.0886635780334473,False
15.512121200561523,187.90817260742188,0.2144860029220581,-0.9999696612358093,-0.00778920715674758,0.0,False,False,676.0442606716315,19,2.1231496334075928,False
15.512121200561523,187.90817260742188,0.2144860029220581,-0.9999696612358093,-0.00778920715674758,0.0,False,False,676.0442606716315,20,2.181246519088745,False
15.512121200561523,187.90817260742188,0.2144860029220581,-0.9999696612358093,-0.00778920715674758,0.0,False,False,676.0442606716315,21,2.216090202331543,False
15.512121200561523,187.90817260742188,0.2144860029220581,-0.9999696612358093,-0.00778920715674758,0.0,False,False,676.0442606716315,22,2.25038743019104,False
15.512121200561523,187.90817260742188,0.2144860029220581,-0.9999696612358093,-0.00778920715674758,0.0,False,False,676.0442606716315,23,2.284837007522583,False
15.512121200561523,187.90817260742188,0.2144860029220581,-0.9999696612358093,-0.00778920715674758,0.0,False,False,676.0442606716315,24,2.319241762161255,False
15.512121200561523,187.90817260742188,0.2144860029220581,-0.9999696612358093,-0.00778920715674758,0.0,False,False,676.0442606716315,25,2.353677749633789,False
15.512121200561523,187.90817260742188,0.2144860029220581,-0.9999696612358093,-0.00778920715674758,0.0,False,False,676.0442606716315,26,2.3885324001312256,False
15.512121200561523,187.90817260742188,0.2144860029220581,-0.9999696612358093,-0.00778920715674758,0.0,False,False,676.0442606716315,27,2.4235126972198486,False
15.512121200561523,187.90817260742188,0.2144860029220581,-0.9999696612358093,-0.00778920715674758,0.0,False,False,676.0442606716315,28,2.4586048126220703,False
15.512121200561523,187.90817260742188,0.2144860029220581,-0.9999696612358093,-0.00778920715674758,0.0,False,False,676.0442606716315,29,2.4929943084716797,False
15.512121200561523,187.90817260742188,0.2144860029220581,-0.9999696612358093,-0.00778920715674758,0.0,False,False,676.0442606716315,30,2.527418851852417,False
15.512121200561523,187.90817260742188,0.2144860029220581,-0.9999696612358093,-0.00778920715674758,0.0,False,False,676.0442606716315,31,2.561894655227661,False
15.512121200561523,187.90817260742188,0.2144860029220581,-0.9999696612358093,-0.00778920715674758,0.0,False,False,676.0442606716315,32,2.596224546432495,False
15.512121200561523,187.90817260742188,0.2144860029220581,-0.9999696612358093,-0.00778920715674758,0.0,False,False,676.0442606716315,33,2.6305603981018066,False
15.512121200561523,187.90817260742188,0.2144860029220581,-0.9999696612358093,-0.00778920715674758,0.0,False,False,676.0442606716315,34,2.6649327278137207,False
15.512121200561523,187.90817260742188,0.2144860029220581,-0.9999696612358093,-0.00778920715674758,0.0,False,False,676.0442606716315,35,2.699284315109253,False
15.512121200561523,187.90817260742188,0.2144860029220581,-0.9999696612358093,-0.00778920715674758,0.0,False,False,676.0442606716315,36,2.7336292266845703,False
15.512121200561523,187.90817260742188,0.2144860029220581,-0.9999696612358093,-0.00778920715674758,0.0,False,False,676.0442606716315,37,2.7680883407592773,False
15.512121200561523,187.90817260742188,0.2144860029220581,-0.9999696612358093,-0.00778920715674758,0.0,False,False,676.0442606716315,38,2.8026225566864014,False
15.512121200561523,187.90817260742188,0.2144860029220581,-0.9999696612358093,-0.00778920715674758,0.0,False,False,676.0442606716315,39,2.837265968322754,False
15.512121200561523,187.90817260742188,0.2144860029220581,-0.9999696612358093,-0.00778920715674758,0.0,False,False,676.0442606716315,40,2.8719630241394043,False
15.512121200561523,187.90817260742188,0.2144860029220581,-0.9999696612358093,-0.00778920715674758,0.0,False,False,676.0442606716315,41,2.9066128730773926,False
15.512121200561523,187.90817260742188,0.2144860029220581,-0.9999696612358093,-0.00778920715674758,0.0,False,False,676.0442606716315,42,2.941291570663452,False
15.512121200561523,187.90817260742188,0.2144860029220581,-0.9999696612358093,-0.00778920715674758,0.0,False,False,676.0442606716315,43,2.976510763168335,False
15.512121200561523,187.90817260742188,0.2144860029220581,-0.9999696612358093,-0.00778920715674758,0.0,False,False,676.0442606716315,44,3.0106747150421143,False
15.512121200561523,187.90817260742188,0.2144860029220581,-0.9999696612358093,-0.00778920715674758,0.0,False,False,676.0442606716315,45,3.0448496341705322,False
15.512121200561523,187.90817260742188,0.2144860029220581,-0.9999696612358093,-0.00778920715674758,0.0,False,False,676.0442606716315,46,3.079087257385254,False
15.512121200561523,187.90817260742188,0.2144860029220581,-0.9999696612358093,-0.00778920715674758,0.0,False,False,676.0442606716315,47,3.113114595413208,False
15.512121200561523,187.90817260742188,0.2144860029220581,-0.9999696612358093,-0.00778920715674758,0.0,False,False,676.0442606716315,48,3.147798538208008,False
15.512121200561523,187.90817260742188,0.2144860029220581,-0.9999696612358093,-0.00778920715674758,0.0,False,False,676.0442606716315,49,3.1821208000183105,False
15.512121200561523,187.90817260742188,0.2144860029220581,-0.9999696612358093,-0.00778920715674758,0.0,False,False,676.0442606716315,50,3.2164971828460693,False
15.512121200561523,187.90817260742188,0.2144860029220581,-0.9999696612358093,-0.00778920715674758,0.0,False,False,676.0442606716315,51,3.250673770904541,False
15.512121200561523,187.90817260742188,0.2144860029220581,-0.9999696612358093,-0.00778920715674758,0.0,False,False,676.0442606716315,52,3.2847375869750977,False
15.512121200561523,187.90817260742188,0.2144860029220581,-0.9999696612358093,-0.00778920715674758,0.0,False,False,676.0442606716315,53,3.318845748901367,False
15.512121200561523,187.90817260742188,0.2144860029220581,-0.9999696612358093,-0.00778920715674758,0.0,False,False,676.0442606716315,54,3.3529090881347656,False
15.512121200561523,187.90817260742188,0.2144860029220581,-0.9999696612358093,-0.00778920715674758,0.0,False,False,676.0442606716315,55,3.386997699737549,False
15.512121200561523,187.90817260742188,0.2144860029220581,-0.9999696612358093,-0.00778920715674758,0.0,False,False,676.0442606716315,56,3.4211068153381348,False
15.512121200561523,187.90817260742188,0.2144860029220581,-0.9999696612358093,-0.00778920715674758,0.0,False,False,676.0442606716315,57,3.455204963684082,False
15.512121200561523,187.90817260742188,0.2144860029220581,-0.9999696612358093,-0.00778920715674758,0.0,False,False,676.0442606716315,58,3.4894957542419434,False
15.512121200561523,187.90817260742188,0.2144860029220581,-0.9999696612358093,-0.00778920715674758,0.0,False,False,676.0442606716315,59,3.524001359939575,False
15.512121200561523,187.90817260742188,0.2144860029220581,-0.9999696612358093,-0.00778920715674758,0.0,False,False,676.0442606716315,60,3.558580160140991,False
15.512121200561523,187.90817260742188,0.2144860029220581,-0.9999696612358093,-0.00778920715674758,0.0,False,False,676.0442606716315,61,3.5933828353881836,False
15.512121200561523,187.90817260742188,0.2144860029220581,-0.9999696612358093,-0.00778920715674758,0.0,False,False,676.0442606716315,62,3.6284594535827637,False
15.512121200561523,187.90817260742188,0.2144860029220581,-0.9999696612358093,-0.00778920715674758,0.0,False,False,676.0442606716315,63,3.663334846496582,False
15.512121200561523,187.90817260742188,0.2144860029220581,-0.9999696612358093,-0.00778920715674758,0.0,False,False,676.0442606716315,64,3.6981911659240723,False
15.512121200561523,187.90817260742188,0.2144860029220581,-0.9999696612358093,-0.00778920715674758,0.0,False,False,676.0442606716315,65,3.733119487762451,False
15.512121200561523,187.90817260742188,0.2144860029220581,-0.9999696612358093,-0.00778920715674758,0.0,False,False,676.0442606716315,66,3.767895221710205,False
15.512121200561523,187.90817260742188,0.2144860029220581,-0.9999696612358093,-0.00778920715674758,0.0,False,False,676.0442606716315,67,3.8028366565704346,False
15.512121200561523,187.90817260742188,0.2144860029220581,-0.9999696612358093,-0.00778920715674758,0.0,False,False,676.0442606716315,68,3.837878942489624,False
15.512121200561523,187.90817260742188,0.2144860029220581,-0.9999696612358093,-0.00778920715674758,0.0,False,False,676.0442606716315,69,3.872575044631958,False
15.512121200561523,187.90817260742188,0.2144860029220581,-0.9999696612358093,-0.00778920715674758,0.0,False,False,676.0442606716315,70,3.907273054122925,False
15.512121200561523,187.90817260742188,0.2144860029220581,-0.9999696612358093,-0.00778920715674758,0.0,False,False,676.0442606716315,71,3.941636800765991,False
15.512121200561523,187.90817260742188,0.2144860029220581,-0.9999696612358093,-0.00778920715674758,0.0,False,False,676.0442606716315,72,3.9759936332702637,False
15.512121200561523,187.90817260742188,0.2144860029220581,-0.9999696612358093,-0.00778920715674758,0.0,False,False,676.0442606716315,73,4.010321617126465,False
15.512121200561523,187.90817260742188,0.2144860029220581,-0.9999696612358093,-0.00778920715674758,0.0,False,False,676.0442606716315,74,4.044823884963989,False
15.512121200561523,187.90817260742188,0.2144860029220581,-0.9999696612358093,-0.00778920715674758,0.0,False,False,676.0442606716315,75,4.079211235046387,False
15.512121200561523,187.90817260742188,0.2144860029220581,-0.9999696612358093,-0.00778920715674758,0.0,False,False,676.0442606716315,76,4.113531827926636,False
15.512121200561523,187.90817260742188,0.2144860029220581,-0.9999696612358093,-0.00778920715674758,0.0,False,False,676.0442606716315,77,4.147824764251709,False
15.512121200561523,187.90817260742188,0.2144860029220581,-0.9999696612358093,-0.00778920715674758,0.0,False,False,676.0442606716315,78,4.18220329284668,False
15.512121200561523,187.90817260742188,0.2144860029220581,-0.9999696612358093,-0.00778920715674758,0.0,False,False,676.0442606716315,79,4.216521501541138,False
15.512121200561523,187.90817260742188,0.2144860029220581,-0.9999696612358093,-0.00778920715674758,0.0,False,False,676.0442606716315,80,4.25086784362793,False
15.512121200561523,187.90817260742188,0.2144860029220581,-0.9999696612358093,-0.00778920715674758,0.0,False,False,676.0442606716315,81,4.2851243019104,False
15.512121200561523,187.90817260742188,0.2144860029220581,-0.9999696612358093,-0.00778920715674758,0.0,False,False,676.0442606716315,82,4.319457054138184,False
15.512121200561523,187.90817260742188,0.2144860029220581,-0.9999696612358093,-0.00778920715674758,0.0,False,False,676.0442606716315,83,4.353774547576904,False
15.512121200561523,187.90817260742188,0.2144860029220581,-0.9999696612358093,-0.00778920715674758,0.0,False,False,676.0442606716315,84,4.3881731033325195,False
15.512121200561523,187.90817260742188,0.2144860029220581,-0.9999696612358093,-0.00778920715674758,0.0,False,False,676.0442606716315,85,4.422637939453125,False
15.512121200561523,187.90817260742188,0.2144860029220581,-0.9999696612358093,-0.00778920715674758,0.0,False,False,676.0442606716315,86,4.457173824310303,False
15.512121200561523,187.90817260742188,0.2144860029220581,-0.9999696612358093,-0.00778920715674758,0.0,False,False,676.0442606716315,87,4.491514205932617,False
15.512121200561523,187.90817260742188,0.2144860029220581,-0.9999696612358093,-0.00778920715674758,0.0,False,False,676.0442606716315,88,4.525998592376709,False
15.512195587158203,187.90817260742188,0.2142360657453537,-0.9999697208404541,-0.007783723529428244,0.00872520256266534,False,False,676.0442606716315,89,4.560544729232788,False
15.506070137023926,187.90794372558594,0.21424327790737152,-0.999968409538269,-0.007949180901050568,0.1408194773995561,False,False,676.0442606716315,90,4.594986438751221,False
15.479573249816895,187.90704345703125,0.2142765372991562,-0.9999609589576721,-0.008839643560349941,0.41188401711023825,False,False,676.0442606716315,91,4.629586458206177,False
15.41832160949707,187.9046630859375,0.21428008377552032,-0.9999483823776245,-0.010163044556975365,0.7639665028253787,False,False,676.0442606716315,92,4.664236545562744,False
15.322904586791992,187.9011993408203,0.2142818421125412,-0.9999176859855652,-0.012827909551560879,1.096375092533547,False,False,676.0442606716315,93,4.705793142318726,False
15.189825057983398,187.89602661132812,0.21427211165428162,-0.9998816251754761,-0.015382548794150352,1.4858894967702792,False,False,676.0442606716315,94,4.740313291549683,False
15.01811695098877,187.8894500732422,0.21426257491111755,-0.9998354911804199,-0.01813589408993721,1.8774111533730662,False,False,676.0442606716315,95,4.774735689163208,False
14.807662963867188,187.88131713867188,0.21425624191761017,-0.999764621257782,-0.021693583577871323,2.2646274971565967,False,False,676.0442606716315,96,4.809176921844482,False
14.558271408081055,187.8740234375,0.21425196528434753,-0.999729335308075,-0.023262696340680122,2.6585501910253635,False,False,676.0442606716315,97,4.84364914894104,False
14.269336700439453,187.8639373779297,0.2142486870288849,-0.9996635913848877,-0.025933368131518364,3.0600659362473235,False,False,676.0442606716315,98,4.878704071044922,False
13.940567016601562,187.85101318359375,0.21424616873264313,-0.9995772838592529,-0.02907024510204792,3.463506248563456,False,False,676.0442606716315,99,4.913689851760864,False
13.572906494140625,187.83517456054688,0.21424701809883118,-0.9994603395462036,-0.032847125083208084,3.8529090455840085,False,False,676.0442606716315,100,4.948887825012207,False
13.165800094604492,187.8166046142578,0.2142462432384491,-0.9993290305137634,-0.0366252064704895,4.25669197432574,False,False,676.0442606716315,101,4.984034061431885,False
12.717774391174316,187.79759216308594,0.21424266695976257,-0.9992621541023254,-0.0384063683450222,4.673064020385005,False,False,676.0442606716315,102,5.019115209579468,False
12.229141235351562,187.77845764160156,0.2142951935529709,-0.9992536902427673,-0.0386250764131546,5.053814319849465,False,False,653.8649585760771,103,5.05417275428772,False
11.713692665100098,187.75796508789062,0.21458110213279724,-0.9992387890815735,-0.03900935500860214,5.123124118535142,False,False,653.8649585760771,104,5.089235544204712,False
11.206586837768555,187.7373046875,0.21467646956443787,-0.9992029070854187,-0.0399194061756134,4.982835535914853,False,False,653.8649585760771,105,5.124481916427612,False
10.709657669067383,187.716796875,0.2144826501607895,-0.9991787075996399,-0.04052092880010605,4.929909702734341,False,False,653.8649585760771,106,5.159641742706299,False
10.224550247192383,187.69680786132812,0.21437346935272217,-0.9991681575775146,-0.040779873728752136,4.786030238810566,False,False,653.8649585760771,107,5.194706201553345,False
9.755922317504883,187.67550659179688,0.21440520882606506,-0.9990973472595215,-0.0424799919128418,4.612292472253297,False,False,653.8649585760771,108,5.229794502258301,False
9.305184364318848,187.65101623535156,0.2144598364830017,-0.9989162087440491,-0.046544332057237625,4.434263377569244,False,False,653.8649585760771,109,5.264751434326172,False
8.87227725982666,187.62252807617188,0.21449847519397736,-0.9986041188240051,-0.052819132804870605,4.262641481730343,False,False,653.8649585760771,110,5.30012321472168,False
8.45686149597168,187.5895233154297,0.2145177721977234,-0.9981299042701721,-0.061128780245780945,4.095828086869168,False,False,653.8649585760771,111,5.335463523864746,False
8.0575532913208,187.55255126953125,0.21452124416828156,-0.9975138902664185,-0.07046972215175629,3.9540075958123233,False,False,653.8649585760771,112,5.371384143829346,False
7.670527935028076,187.51199340820312,0.21451202034950256,-0.9967741370201111,-0.08025746047496796,3.8567100489772184,False,False,653.8649585760771,113,5.407264709472656,False
7.29194450378418,187.466064453125,0.21449626982212067,-0.9957848787307739,-0.09171944111585617,3.794226101285579,False,False,653.8649585760771,114,5.443356990814209,False
6.920146942138672,187.41233825683594,0.214482843875885,-0.9943514466285706,-0.10613740235567093,3.741144709398653,False,False,653.8649585760771,115,5.4793431758880615,False
6.553844451904297,187.35299682617188,0.21447277069091797,-0.9926672577857971,-0.12087887525558472,3.7035242785158573,False,False,653.8649585760771,116,5.515392541885376,False
6.192480564117432,187.2879638671875,0.21446707844734192,-0.9906810522079468,-0.13620243966579437,3.659717449026107,False,False,653.8649585760771,117,5.5513694286346436,False
5.838109493255615,187.2150115966797,0.21446815133094788,-0.988094687461853,-0.1538468897342682,3.6045493727366122,False,False,653.8649585760771,118,5.587452173233032,False
5.490616798400879,187.13441467285156,0.21446827054023743,-0.9849322438240051,-0.17294080555438995,3.561716492539137,False,False,653.8649585760771,119,5.623608350753784,False
5.149067401885986,187.0457305908203,0.21446636319160461,-0.9811031818389893,-0.19348523020744324,3.5282653405515583,False,False,653.8649585760771,120,5.659367799758911,False
4.813695430755615,186.94837951660156,0.21446509659290314,-0.9764637351036072,-0.2156817615032196,3.489820433568284,False,False,653.8649585760771,121,5.695128440856934,False
4.483017444610596,186.84559631347656,0.2144618183374405,-0.9716635942459106,-0.23636816442012787,3.471518249558878,False,False,653.8649585760771,122,5.730870485305786,False
4.155643463134766,186.7362518310547,0.2144564390182495,-0.9664331078529358,-0.2569184899330139,3.4617763383263616,False,False,653.8649585760771,123,5.766592979431152,False
3.8305957317352295,186.62071228027344,0.21445049345493317,-0.9609388709068298,-0.27676060795783997,3.4687385146517533,False,False,653.8649585760771,124,5.802603483200073,False
3.5066583156585693,186.49647521972656,0.21444228291511536,-0.9546515345573425,-0.29772546887397766,3.505104671057684,False,False,653.8649585760771,125,5.838385343551636,False
3.1818618774414062,186.3602752685547,0.214431032538414,-0.9470641613006592,-0.32104432582855225,3.5688303264985954,False,False,653.8649585760771,126,5.874142408370972,False
2.8560478687286377,186.21157836914062,0.21442440152168274,-0.9381776452064514,-0.34615424275398254,3.6194387583565524,False,False,653.8649585760771,127,5.909954071044922,False
2.5327234268188477,186.05105590820312,0.2144288569688797,-0.9279249906539917,-0.37276700139045715,3.6326815089226696,False,False,653.8649585760771,128,5.945778131484985,False
2.213566780090332,185.88204956054688,0.21443793177604675,-0.9172025322914124,-0.3984212577342987,3.6240912087063415,False,False,653.8649585760771,129,5.981792449951172,False
1.9002410173416138,185.70611572265625,0.21444763243198395,-0.9061506986618042,-0.4229549467563629,3.6006155583112,False,False,653.8649585760771,130,6.017792701721191,False
1.5933321714401245,185.52296447753906,0.21445269882678986,-0.8945666551589966,-0.4469345510005951,3.589065484933257,False,False,653.8649585760771,131,6.054225921630859,False
1.2931939363479614,185.3302459716797,0.21445292234420776,-0.881554901599884,-0.4720815420150757,3.587323973243264,False,False,653.8649585760771,132,6.09062123298645,False
0.9994598031044006,185.132080078125,0.21880710124969482,-0.8655170798301697,-0.5008694529533386,3.5392233802355713,False,True,653.8649585760771,133,6.126969575881958,False
0.7157723903656006,184.9295654296875,0.23286093771457672,-0.8483324646949768,-0.5293228626251221,3.542502348263095,False,True,653.8649585760771,134,6.163013696670532,False
0.435393363237381,184.7139434814453,0.23969638347625732,-0.8333010673522949,-0.5525867938995361,3.577703365894675,False,True,653.8649585760771,135,6.198983430862427,False
0.15750373899936676,184.48898315429688,0.2422569990158081,-0.8187896609306335,-0.5738291144371033,3.598411060081149,False,True,653.8649585760771,136,6.235260963439941,False
-0.11637374758720398,184.2576904296875,0.2435992807149887,-0.803912878036499,-0.594464123249054,3.6033096508821756,False,True,653.8649585760771,137,6.271206617355347,False
-0.38462749123573303,184.01820373535156,0.24440288543701172,-0.7886849045753479,-0.6145046949386597,3.6117377994214945,False,True,653.8649585760771,138,6.307121992111206,False
-0.646217942237854,183.7708282470703,0.24478957056999207,-0.7725212574005127,-0.6346948742866516,3.6176841986033543,False,True,653.8649585760771,139,6.34309458732605,False
-0.9008243083953857,183.51417541503906,0.24493452906608582,-0.7547323107719421,-0.6557435989379883,3.648021696990054,False,True,653.8649585760771,140,6.37860107421875,False
-1.1508502960205078,183.24603271484375,0.2449669986963272,-0.7356393337249756,-0.6770915985107422,3.7128805679928054,False,True,653.8649585760771,141,6.414164781570435,False
-1.3984237909317017,182.96583557128906,0.24371802806854248,-0.7149814367294312,-0.6988936066627502,3.7848411408922975,False,True,653.8649585760771,142,6.449890851974487,False
-1.640371322631836,182.67294311523438,0.24085216224193573,-0.6925301551818848,-0.7211924195289612,3.833889183942716,False,True,653.8649585760771,143,6.48546290397644,False
-1.875672698020935,182.36830139160156,0.22342830896377563,-0.6679546236991882,-0.7441849708557129,3.8484489637553394,False,True,653.8649585760771,144,6.520730257034302,False
-2.0915040969848633,182.0489959716797,0.213011234998703,-0.6395999193191528,-0.7687074542045593,3.874961928622355,False,True,653.8649585760771,145,6.556040287017822,False
-2.292008638381958,181.7190704345703,0.21131961047649384,-0.6069676876068115,-0.7947252988815308,3.8944119148867054,False,True,633.6294015219217,146,6.591358661651611,False
-2.4688568115234375,181.37789916992188,0.21219173073768616,-0.5661662220954895,-0.8242906928062439,3.886786394032386,False,True,633.6294015219217,147,6.627187967300415,False
-2.6129262447357178,181.02032470703125,0.21327994763851166,-0.5128379464149475,-0.8584853410720825,3.9794241766253826,False,True,633.6294015219217,148,6.662843942642212,False
-2.732933282852173,180.63644409179688,0.21396006643772125,-0.45161208510398865,-0.8922144174575806,4.2106286851767765,False,True,633.6294015219217,149,6.698493242263794,False
-2.8344547748565674,180.22036743164062,0.21426856517791748,-0.38635995984077454,-0.9223480820655823,4.474774164872413,False,True,633.6294015219217,150,6.733823299407959,False
-2.918811798095703,179.7748565673828,0.21437567472457886,-0.32130780816078186,-0.9469748139381409,4.690028136653466,False,True,633.6294015219217,151,6.7690207958221436,False
-2.9839839935302734,179.30860900878906,0.21441005170345306,-0.2588619887828827,-0.9659143090248108,4.809658810078681,False,True,633.6294015219217,152,6.804234266281128,False
-3.0318801403045654,178.83070373535156,0.21442393958568573,-0.20310375094413757,-0.9791572093963623,4.866275521002506,False,True,633.6294015219217,153,6.839288234710693,False
-3.063819408416748,178.34732055664062,0.21443480253219604,-0.15423889458179474,-0.9880335927009583,4.880078645085529,False,True,633.6294015219217,154,6.874783277511597,False
-3.0822720527648926,177.8618927001953,0.21444235742092133,-0.1126394048333168,-0.9936359524726868,4.876807136577253,False,True,633.6294015219217,155,6.909639596939087,False
-3.0916247367858887,177.3761749267578,0.21444648504257202,-0.07923054695129395,-0.9968563318252563,4.868613087228014,False,True,633.6294015219217,156,6.944432735443115,False
-3.0949690341949463,176.89064025878906,0.21444770693778992,-0.053376492112874985,-0.998574435710907,4.859755981192249,False,True,633.6294015219217,157,6.985993146896362,False
-3.0951623916625977,176.40550231933594,0.21444690227508545,-0.03450988233089447,-0.9994043707847595,4.854143479053918,False,True,633.6294015219217,158,7.020611524581909,False
-3.0957610607147217,175.92030334472656,0.2144448459148407,-0.02276049554347992,-0.9997409582138062,4.852925778777764,False,True,633.6294015219217,159,7.055558204650879,False
-3.0983498096466064,175.43499755859375,0.21444270014762878,-0.01665555313229561,-0.9998612999916077,4.8547727604900075,False,True,633.6294015219217,160,7.090287208557129,False
-3.1033358573913574,174.94921875,0.21444071829319,-0.014476194977760315,-0.9998952150344849,4.861993410108826,False,True,633.6294015219217,161,7.125087022781372,False
-3.1101722717285156,174.46253967285156,0.2144387811422348,-0.014378811232745647,-0.9998966455459595,4.870938060030097,False,True,633.6294015219217,162,7.1598756313323975,False
-3.119846820831299,173.97540283203125,0.2144388109445572,-0.016440052539110184,-0.9998648762702942,4.872054279589124,False,True,633.6294015219217,163,7.194569826126099,False
-3.1341793537139893,173.48887634277344,0.21444137394428253,-0.021234868094325066,-0.9997745156288147,4.863424406466859,False,True,633.6294015219217,164,7.2292091846466064,False
-3.1531593799591064,173.0036163330078,0.21444426476955414,-0.027720877900719643,-0.9996157288551331,4.851864328445593,False,True,633.6294015219217,165,7.2638092041015625,False
-3.1764166355133057,172.51954650878906,0.2144457995891571,-0.03504409268498421,-0.9993857741355896,4.843820649286603,False,True,633.6294015219217,166,7.298483848571777,False
-3.198200225830078,172.03599548339844,0.2144453376531601,-0.03844759985804558,-0.9992606043815613,4.8385449348940845,False,True,633.6294015219217,167,7.333249568939209,False
-3.2181811332702637,171.55258178710938,0.2144441157579422,-0.039425209164619446,-0.9992225170135498,4.837478720259905,False,True,633.6294015219217,168,7.3680994510650635,False
-3.2378947734832764,171.0690460205078,0.2144422084093094,-0.03987355902791023,-0.9992047548294067,4.841936820560351,False,True,633.6294015219217,169,7.40283989906311,False
-3.257969379425049,170.58474731445312,0.21443983912467957,-0.04043767973780632,-0.9991820454597473,4.851430994643661,False,True,633.6294015219217,170,7.4375319480896,False
-3.278676986694336,170.09954833984375,0.2144383192062378,-0.0412386953830719,-0.9991493225097656,4.859256017895395,False,True,633.6294015219217,171,7.472409009933472,False
-3.29921817779541,169.61386108398438,0.2144385129213333,-0.04158541560173035,-0.9991349577903748,4.862121800748275,False,True,633.6294015219217,172,7.507118463516235,False
-3.3178820610046387,169.12814331054688,0.21443988382816315,-0.04037359729409218,-0.9991846680641174,4.860304769984974,False,True,633.6294015219217,173,7.541778087615967,False
-3.335453510284424,168.6426544189453,0.21444156765937805,-0.03886249661445618,-0.9992445707321167,4.856339622917042,False,True,633.6294015219217,174,7.5764994621276855,False
-3.352647304534912,168.157470703125,0.21444247663021088,-0.03762803599238396,-0.9992918372154236,4.853440726292674,False,True,633.6294015219217,175,7.611153841018677,False
-3.369124412536621,167.6725311279297,0.21444247663021088,-0.036298926919698715,-0.9993409514427185,4.852706724984725,False,True,618.6343730007067,176,7.645607948303223,False
-3.3832812309265137,167.18760681152344,0.21444235742092133,-0.03368197754025459,-0.9994326233863831,4.85112158059446,False,True,618.6343730007067,177,7.680006504058838,False
-3.3958826065063477,166.7028350830078,0.2144424021244049,-0.030922772362828255,-0.999521791934967,4.848383443842153,False,True,618.6343730007067,178,7.714466094970703,False
-3.4071531295776367,166.2183380126953,0.21444286406040192,-0.028158562257885933,-0.9996034502983093,4.8448121088599985,False,True,618.6343730007067,179,7.74891209602356,False
-3.417664051055908,165.73422241210938,0.21444328129291534,-0.025863906368613243,-0.9996654987335205,4.839931147567132,False,True,618.6343730007067,180,7.783352613449097,False
-3.427079200744629,165.25070190429688,0.21444392204284668,-0.023560771718621254,-0.999722421169281,4.832798819171516,False,True,618.6343730007067,181,7.817789554595947,False
-3.4326982498168945,164.7681427001953,0.2144452929496765,-0.019209081307053566,-0.9998154640197754,4.820275886053215,False,True,618.6343730007067,182,7.852360725402832,False
-3.4378085136413574,164.28684997558594,0.21444660425186157,-0.016227291896939278,-0.9998683333396912,4.807620992886968,False,True,618.6343730007067,183,7.8868560791015625,False
-3.4422848224639893,163.80638122558594,0.21444594860076904,-0.013754096813499928,-0.9999054074287415,4.804918520595945,False,True,618.6343730007067,184,7.921496391296387,False
-3.4464735984802246,163.32534790039062,0.21444228291511536,-0.011997813358902931,-0.9999279975891113,4.817216374389776,False,True,618.6343730007067,185,7.956305027008057,False
-3.4505693912506104,162.8428192138672,0.21443824470043182,-0.010750965215265751,-0.9999421834945679,4.831190737248188,False,True,618.6343730007067,186,7.9909422397613525,False
-3.4539546966552734,162.35940551757812,0.21443751454353333,-0.009403372183442116,-0.9999557733535767,4.835259170352453,False,True,618.6343730007067,187,8.025389909744263,False
-3.45794677734375,161.8763885498047,0.2144404500722885,-0.009040276519954205,-0.9999591112136841,4.823809785195834,False,True,618.6343730007067,188,8.060048341751099,False
-3.4614813327789307,161.39503479003906,0.21444503962993622,-0.008407657034695148,-0.9999646544456482,4.80542861953555,False,True,618.6343730007067,189,8.094787836074829,False
-3.4670348167419434,160.91513061523438,0.2144467532634735,-0.0096254488453269,-0.9999536871910095,4.797470054753444,False,True,618.6343730007067,190,8.12928032875061,False
-3.4722654819488525,160.43539428710938,0.21444492042064667,-0.010011072270572186,-0.9999498724937439,4.797888613782401,False,True,618.6343730007067,191,8.163983583450317,False
-3.475846290588379,159.95521545410156,0.21444198489189148,-0.009072222746908665,-0.999958872795105,4.8071878008148605,False,True,618.6343730007067,192,8.198148012161255,False
-3.4780309200286865,159.47384643554688,0.21443873643875122,-0.007428025361150503,-0.999972403049469,4.818713099579568,False,True,618.6343730007067,193,8.23067593574524,False
-3.4792633056640625,158.99159240722656,0.21443785727024078,-0.0056872498244047165,-0.9999838471412659,4.824691921686053,False,True,618.6343730007067,194,8.26453447341919,False
-3.480224609375,158.50917053222656,0.21443919837474823,-0.004382520914077759,-0.9999904036521912,4.822499983206956,False,True,618.6343730007067,195,8.2952721118927,False
-3.4807510375976562,158.02734375,0.21444179117679596,-0.0032080793753266335,-0.9999948740005493,4.814332111917373,False,True,618.6343730007067,196,8.329284906387329,False
-3.481262683868408,157.54638671875,0.21444381773471832,-0.0024639780167490244,-0.9999969601631165,4.806101536555689,False,True,618.6343730007067,197,8.363688707351685,False
-3.4857308864593506,157.06622314453125,0.21444472670555115,-0.005040310323238373,-0.9999873042106628,4.79968020428936,False,True,618.6343730007067,198,8.398126602172852,False
-3.4919633865356445,156.58633422851562,0.2144438475370407,-0.007834040559828281,-0.9999693036079407,4.799159467740021,False,True,618.6343730007067,199,8.432220935821533,False
-3.4971871376037598,156.1064453125,0.21444270014762878,-0.008861707523465157,-0.999960720539093,4.798777918827065,False,True,618.6343730007067,200,8.466629266738892,False
-3.5021233558654785,155.62649536132812,0.21444183588027954,-0.009358074516057968,-0.9999561905860901,4.8011471312432805,False,True,618.6343730007067,201,8.500650882720947,False
-3.5080578327178955,155.14633178710938,0.21444110572338104,-0.010449382476508617,-0.9999454021453857,4.802237839454257,False,True,618.6343730007067,202,8.534562110900879,False
-3.5136003494262695,154.6658935546875,0.21444034576416016,-0.010795189067721367,-0.9999417066574097,4.8084381833319485,False,True,618.6343730007067,203,8.568633556365967,False
-3.5180470943450928,154.18478393554688,0.2144395411014557,-0.010214671492576599,-0.9999478459358215,4.811879774803088,False,True,618.6343730007067,204,8.602781534194946,False
-3.5201406478881836,153.70364379882812,0.21444037556648254,-0.008058146573603153,-0.9999675154685974,4.811245117972488,False,True,618.6343730007067,205,8.636682748794556,False
-3.520725965499878,153.2225341796875,0.21444103121757507,-0.005621924065053463,-0.9999842047691345,4.810761751930882,False,True,618.6343730007067,206,8.67066764831543,False
-3.521157741546631,152.74131774902344,0.2144409865140915,-0.003962669521570206,-0.9999921321868896,4.814476214426374,False,True,603.6343656105066,207,8.704659461975098,False
-3.520747184753418,152.2595977783203,0.21444015204906464,-0.0022306861355900764,-0.9999974966049194,4.819170748653642,False,True,603.6343656105066,208,8.738763093948364,False
-3.5184550285339355,151.7777557373047,0.21444064378738403,0.0002967874170280993,-0.9999999403953552,4.816747916095886,False,True,603.6343656105066,209,8.772603511810303,False
-3.5153419971466064,151.2963409423828,0.21444201469421387,0.002477241912856698,-0.9999969601631165,4.812646161301146,False,True,603.6343656105066,210,8.806526899337769,False
-3.5122931003570557,150.8151397705078,0.21444228291511536,0.0038291877135634422,-0.9999926686286926,4.81242571734076,False,True,603.6343656105066,211,8.840487718582153,False
-3.5094783306121826,150.33377075195312,0.21444156765937805,0.00452846335247159,-0.9999897480010986,4.815051311027186,False,True,603.6343656105066,212,8.874807834625244,False
-3.5074281692504883,149.85208129882812,0.21444079279899597,0.0044000763446092606,-0.9999903440475464,4.81847386865754,False,True,603.6343656105066,213,8.909103393554688,False
-3.505997896194458,149.3700714111328,0.21444018185138702,0.003879731986671686,-0.9999924898147583,4.821613483213626,False,True,603.6343656105066,214,8.943405151367188,False
-3.5044164657592773,148.88775634765625,0.21444007754325867,0.00367958121933043,-0.9999932050704956,4.824516262134273,False,True,603.6343656105066,215,8.977677583694458,False
-3.502803325653076,148.4051971435547,0.2144402265548706,0.0035582268610596657,-0.9999936819076538,4.8259723193257855,False,True,603.6343656105066,216,9.011898040771484,False
-3.5015954971313477,147.92274475097656,0.214441180229187,0.0031712756026536226,-0.9999949932098389,4.8224205467838885,False,True,603.6343656105066,217,9.046165943145752,False
-3.501863956451416,147.44081115722656,0.21444255113601685,0.0017995387315750122,-0.9999983906745911,4.817163910773059,False,True,603.6343656105066,218,9.080449104309082,False
-3.503420829772949,146.95936584472656,0.21444331109523773,-4.6928735173423775e-06,-1.0,4.812458451800611,False,True,603.6343656105066,219,9.113622188568115,False
-3.5050878524780273,146.47837829589844,0.2144436538219452,-0.0012132363626733422,-0.9999992847442627,4.808169627203636,False,True,603.6343656105066,220,9.147852659225464,False
-3.50685715675354,145.99755859375,0.21444286406040192,-0.0020856086630374193,-0.9999978542327881,4.809168445253143,False,True,603.6343656105066,221,9.182125568389893,False
-3.5084381103515625,145.51644897460938,0.2144414484500885,-0.0024927074555307627,-0.9999969005584717,4.812884298219,False,True,603.6343656105066,222,9.216192722320557,False
-3.50823974609375,145.03512573242188,0.21444106101989746,-0.0013953880406916142,-0.9999990463256836,4.81248329311628,False,True,603.6343656105066,223,9.250052213668823,False
-3.5073001384735107,144.5543975830078,0.21444278955459595,-0.00021330913295969367,-1.0,4.80066744976723,False,True,603.6343656105066,224,9.283864259719849,False
-3.5061967372894287,144.07579040527344,0.21444755792617798,0.0006780186668038368,-0.9999997615814209,4.771428594492392,False,True,603.6343656105066,225,9.317780017852783,False
-3.504988431930542,143.6007843017578,0.21445350348949432,0.0013285434106364846,-0.9999991059303284,4.732125851419544,False,True,603.6343656105066,226,9.351659059524536,False
-3.50394868850708,143.12921142578125,0.21445590257644653,0.0016260894481092691,-0.9999986886978149,4.706123167192981,False,True,603.6343656105066,227,9.385717153549194,False
-3.503296136856079,142.65882873535156,0.2144518941640854,0.0015320334350690246,-0.9999988079071045,4.7052083663971995,False,True,603.6343656105066,228,9.419775485992432,False
-3.5030837059020996,142.18765258789062,0.21444465219974518,0.0011463917326182127,-0.9999993443489075,4.7182658717649915,False,True,603.6343656105066,229,9.454121351242065,False
-3.5025579929351807,141.71449279785156,0.2144375592470169,0.001153305871412158,-0.9999993443489075,4.745494008660765,False,True,603.6343656105066,230,9.488136529922485,False
-3.501742362976074,141.23863220214844,0.21443286538124084,0.0013535773614421487,-0.9999991059303284,4.765385339888353,False,True,603.6343656105066,231,9.522298812866211,False
-3.500380754470825,140.76205444335938,0.21443499624729156,0.0019036083249375224,-0.9999982118606567,4.763351539975344,False,True,603.6343656105066,232,9.556303024291992,False
-3.498596668243408,140.28646850585938,0.21444068849086761,0.0025578271597623825,-0.9999967217445374,4.748199358218846,False,True,603.6343656105066,233,9.590412139892578,False
-3.496199369430542,139.81292724609375,0.21444648504257202,0.0034524889197200537,-0.9999940395355225,4.723612430438434,False,True,603.6343656105066,234,9.624763011932373,False
-3.4935576915740967,139.34190368652344,0.21445037424564362,0.004199925810098648,-0.9999911785125732,4.701017250151949,False,True,603.6343656105066,235,9.659056901931763,False
-3.4902758598327637,138.87216186523438,0.2144491970539093,0.005188398063182831,-0.9999865293502808,4.698704849966062,False,True,603.6343656105066,236,9.693398714065552,False
-3.48690128326416,138.40142822265625,0.21444286406040192,0.005861205048859119,-0.9999828338623047,4.717352357500995,False,True,603.6343656105066,237,9.727715730667114,False
-3.485386848449707,137.9281005859375,0.21443572640419006,0.0048598614521324635,-0.9999881982803345,4.747129765266644,False,True,603.6343656105066,238,9.761984586715698,False
-3.4859628677368164,137.45179748535156,0.21443091332912445,0.0026840693317353725,-0.9999964237213135,4.774940470715984,False,True,584.9542112847079,239,9.796432971954346,False
-3.487006425857544,136.97352600097656,0.21443115174770355,0.000985340098850429,-0.9999995231628418,4.78577351873732,False,True,584.9542112847079,240,9.830620050430298,False
-3.486492156982422,136.4951171875,0.21443575620651245,0.0010865487856790423,-0.9999994039535522,4.781222638912463,False,True,584.9542112847079,241,9.864874124526978,False
-3.4872097969055176,136.0174560546875,0.21444056928157806,0.00010450283298268914,-1.0,4.773376633335017,False,True,584.9542112847079,242,9.89904522895813,False
-3.489690065383911,135.54046630859375,0.2144431322813034,-0.0017847249982878566,-0.9999983906745911,4.76734501754797,False,True,584.9542112847079,243,9.933277606964111,False
-3.4923319816589355,135.0650177001953,0.21444694697856903,-0.0030891092028468847,-0.999995231628418,4.738471650711143,False,True,584.9542112847079,244,9.96752119064331,False
-3.494967222213745,134.59439086914062,0.21445636451244354,-0.003950867801904678,-0.9999921917915344,4.675637962220531,False,True,584.9542112847079,245,10.001726627349854,False
-3.4992735385894775,134.13035583496094,0.21446487307548523,-0.005825768690556288,-0.999983012676239,4.616332035098365,False,True,584.9542112847079,246,10.035924196243286,False
-3.5048787593841553,133.67063903808594,0.21446429193019867,-0.00799151137471199,-0.9999680519104004,4.586724903616282,False,True,584.9542112847079,247,10.070162296295166,False
-3.5117855072021484,133.21273803710938,0.2144576907157898,-0.010412787087261677,-0.9999457597732544,4.575830449780282,False,True,584.9542112847079,248,10.104193449020386,False
-3.5175657272338867,132.75486755371094,0.21444907784461975,-0.011075194925069809,-0.9999386668205261,4.586064998023598,False,True,584.9542112847079,249,10.138539552688599,False
-3.5213193893432617,132.29493713378906,0.21443988382816315,-0.010025973431766033,-0.9999497532844543,4.610548826707346,False,True,584.9542112847079,250,10.172494173049927,False
-3.524376153945923,131.832275390625,0.2144332081079483,-0.008854913525283337,-0.9999607801437378,4.640653455089971,False,True,584.9542112847079,251,10.206638813018799,False
-3.527082681655884,131.367431640625,0.21443206071853638,-0.007807815447449684,-0.9999695420265198,4.648160869755175,False,True,584.9542112847079,252,10.24053406715393,False
-3.529203176498413,130.90330505371094,0.21443790197372437,-0.006684893276542425,-0.9999776482582092,4.63533713917061,False,True,584.9542112847079,253,10.27443814277649,False
-3.5311007499694824,130.44003295898438,0.21444159746170044,-0.005803953856229782,-0.9999831318855286,4.634613106241978,False,True,584.9542112847079,254,10.308637619018555,False
-3.533719301223755,129.97689819335938,0.21444308757781982,-0.00578416557982564,-0.9999832510948181,4.623381349512763,False,True,584.9542112847079,255,10.342859029769897,False
-3.5373857021331787,129.51544189453125,0.2144458293914795,-0.006547090131789446,-0.9999785423278809,4.611667721062282,False,True,584.9542112847079,256,10.377048015594482,False
-3.5442378520965576,129.05621337890625,0.21445079147815704,-0.009489795193076134,-0.9999549984931946,4.563974080505847,False,True,584.9542112847079,257,10.410888910293579,False
-3.5528602600097656,128.60560607910156,0.21446719765663147,-0.012697041966021061,-0.9999194145202637,4.455874006698121,False,True,584.9542112847079,258,10.444924592971802,False
-3.5604774951934814,128.16558837890625,0.21447986364364624,-0.014124802313745022,-0.999900221824646,4.368718033751611,False,True,584.9542112847079,259,10.47891640663147,False
-3.5675058364868164,127.7295150756836,0.21447089314460754,-0.014743671752512455,-0.9998912811279297,4.368939040502952,False,True,584.9542112847079,260,10.513229131698608,False
-3.574585199356079,127.28948211669922,0.21444682776927948,-0.015170751139521599,-0.9998849034309387,4.433088822815827,False,True,584.9542112847079,261,10.54554295539856,False
-3.581005811691284,126.8420639038086,0.21442535519599915,-0.014863106422126293,-0.9998895525932312,4.506049848962168,False,True,584.9542112847079,262,10.57641887664795,False
-3.584218978881836,126.38825988769531,0.21441611647605896,-0.0121412118896842,-0.9999262690544128,4.562463797343218,False,True,584.9542112847079,263,10.60726022720337,False
-3.585347890853882,125.93000793457031,0.21441704034805298,-0.008853721432387829,-0.9999607801437378,4.594281277273683,False,True,584.9542112847079,264,10.637729167938232,False
-3.5859835147857666,125.47021484375,0.21442538499832153,-0.006329657044261694,-0.9999799728393555,4.596835942400353,False,True,584.9542112847079,265,10.667713403701782,False
-3.585526466369629,125.01148986816406,0.21443653106689453,-0.003824864514172077,-0.9999926686286926,4.576882050288302,False,True,584.9542112847079,266,10.698381662368774,False
-3.5845720767974854,124.55487060546875,0.21444469690322876,-0.0018432567594572902,-0.9999982714653015,4.5600189418772015,False,True,584.9542112847079,267,10.729048013687134,False
-3.5828142166137695,124.09889221191406,0.21444521844387054,9.532371768727899e-05,-1.0,4.56258809629354,False,True,584.9542112847079,268,10.758853197097778,False
-3.5792012214660645,123.64178466796875,0.21444103121757507,0.0027751449961215258,-0.9999961256980896,4.579968097592579,False,True,584.9542112847079,269,10.78768515586853,False
-3.5732154846191406,123.18315887451172,0.21443775296211243,0.006305370479822159,-0.999980092048645,4.5887710314328185,False,True,584.9542112847079,270,10.817545413970947,False
-3.5651943683624268,122.7244873046875,0.21443907916545868,0.010120891034603119,-0.9999487996101379,4.585730010196189,False,True,584.9542112847079,271,10.847490310668945,False
-3.554704189300537,122.26634216308594,0.21444137394428253,0.014493629336357117,-0.9998949766159058,4.580502834120317,False,True,584.9542112847079,272,10.881448745727539,False
-3.541308879852295,121.80841827392578,0.21444183588027954,0.01953306421637535,-0.999809205532074,4.584742273375854,False,True,584.9542112847079,273,10.915838718414307,False
-3.524963617324829,121.34974670410156,0.21444010734558105,0.02502700313925743,-0.9996867775917053,4.59346781706422,False,True,584.9542112847079,274,10.95048213005066,False
-3.5063247680664062,120.89067077636719,0.21443980932235718,0.030315479263663292,-0.999540388584137,4.593735047649639,False,True,584.9542112847079,275,10.981536149978638,False
-3.4837048053741455,120.43231201171875,0.21444205939769745,0.03684552386403084,-0.9993209838867188,4.5855292414641005,False,True,584.9542112847079,276,11.013313293457031,False
-3.4550323486328125,119.97628021240234,0.21444731950759888,0.045734141021966934,-0.998953640460968,4.552683688061749,False,True,584.9542112847079,277,11.04306411743164,False
-3.41890549659729,119.5251235961914,0.21445541083812714,0.05731832608580589,-0.9983559250831604,4.508750374889797,False,True,584.9542112847079,278,11.072108507156372,False
-3.3765225410461426,119.07926177978516,0.21445971727371216,0.0697757750749588,-0.9975627064704895,4.452998404066428,False,True,584.9542112847079,279,11.101759433746338,False
-3.3248863220214844,118.64115905761719,0.21434378623962402,0.08549606800079346,-0.9963384866714478,4.38609066941682,False,True,579.2299561673482,280,11.130857229232788,False
-3.2632899284362793,118.21076202392578,0.21419017016887665,0.10378693789243698,-0.9945995211601257,4.324075563782743,False,True,579.2299561673482,281,11.161998510360718,False
-3.196734666824341,117.78722381591797,0.21414221823215485,0.12015277147293091,-0.9927553534507751,4.261694743021679,False,True,579.2299561673482,282,11.192876815795898,False
-3.1196436882019043,117.37222290039062,0.21409443020820618,0.14012886583805084,-0.9901332259178162,4.206133064145677,False,True,579.2299561673482,283,11.223182201385498,False
-3.030066728591919,116.96405029296875,0.21394744515419006,0.1634143441915512,-0.9865574240684509,4.166297615744773,False,True,579.2299561673482,284,11.253473043441772,False
-2.9299588203430176,116.56304168701172,0.21387076377868652,0.1878802478313446,-0.982191801071167,4.1252264749071195,False,True,579.2299561673482,285,11.283499240875244,False
-2.8162896633148193,116.16990661621094,0.21385557949543,0.21567188203334808,-0.9764657616615295,4.0878043701314475,False,True,579.2299561673482,286,11.316115140914917,False
-2.6879634857177734,115.78392028808594,0.2137262225151062,0.24629907310009003,-0.9691938161849976,4.086667611241561,False,True,579.2299561673482,287,11.34960675239563,False
-2.5454399585723877,115.3993911743164,0.21360667049884796,0.27743497490882874,-0.9607444405555725,4.144980724217174,False,True,579.2299561673482,288,11.379727363586426,False
-2.3871328830718994,115.014404296875,0.21360580623149872,0.30960872769355774,-0.9508640766143799,4.202750243236648,False,True,579.2299561673482,289,11.411328792572021,False
-2.2141494750976562,114.63046264648438,0.2135363668203354,0.3415932059288025,-0.9398478865623474,4.243725790259684,False,True,579.2299561673482,290,11.446128845214844,False
-2.0266597270965576,114.25209045410156,0.2134236842393875,0.3743111789226532,-0.92730313539505,4.224050367622713,False,True,579.2299561673482,291,11.481647968292236,False
-1.8239645957946777,113.88819885253906,0.2133931666612625,0.4101313650608063,-0.9120264649391174,4.161934759773996,False,True,579.2299561673482,292,11.517244338989258,False
-1.60679292678833,113.53880310058594,0.21343070268630981,0.44719594717025757,-0.8944360017776489,4.119682025168,False,True,572.4056455327897,293,11.55337119102478,False
-1.3794546127319336,113.20001983642578,0.21346180140972137,0.48134592175483704,-0.8765307068824768,4.083960832357179,False,True,572.4056455327897,294,11.590006351470947,False
-1.1408547163009644,112.87581634521484,0.213484987616539,0.5159051418304443,-0.8566457033157349,4.021241972802493,False,True,572.4056455327897,295,11.626686811447144,False
-0.8895255923271179,112.56880950927734,0.21350745856761932,0.5520479083061218,-0.833812415599823,3.983096467411687,False,True,572.4056455327897,296,11.663525581359863,False
-0.6250487565994263,112.27403259277344,0.21349821984767914,0.5874732732772827,-0.8092435598373413,3.998797208676697,False,True,572.4056455327897,297,11.700517654418945,False
-0.34752121567726135,111.98646545410156,0.21346354484558105,0.6203415393829346,-0.7843317985534668,4.0398403316455775,False,True,572.4056455327897,298,11.737467527389526,False
-0.05449976027011871,111.71006774902344,0.21342933177947998,0.6539541482925415,-0.7565341591835022,4.076627809676045,False,True,572.4056455327897,299,11.775136947631836,False
0.2575490474700928,111.44703674316406,0.21339614689350128,0.6893815994262695,-0.7243983745574951,4.159380717572571,False,True,572.4056455327897,300,11.812838792800903,False
0.5915089845657349,111.19685363769531,0.21335342526435852,0.7259635925292969,-0.6877331137657166,4.2538621985320315,False,True,572.4056455327897,301,11.849923849105835,False
0.9459977746009827,110.96265411376953,0.21332073211669922,0.7627223134040833,-0.646726131439209,4.322824237325916,False,True,572.4056455327897,302,11.88720965385437,False
1.3188265562057495,110.75042724609375,0.2133389562368393,0.7998067140579224,-0.6002576351165771,4.356482955384254,False,True,572.4056455327897,303,11.92372751235962,False
1.7078765630722046,110.56114959716797,0.21341925859451294,0.8351554274559021,-0.5500140190124512,4.401446442400876,False,True,572.4056455327897,304,11.960026502609253,False
2.1128010749816895,110.39513397216797,0.21354518830776215,0.8680819272994995,-0.4964209198951721,4.465935849901823,False,True,572.4056455327897,305,11.996642112731934,False
2.53499698638916,110.25464630126953,0.21364131569862366,0.8987668752670288,-0.4384268522262573,4.550477444798569,False,True,572.4056455327897,306,12.028556823730469,False
2.9747252464294434,110.13612365722656,0.21372634172439575,0.9250327348709106,-0.37988734245300293,4.6577520962694665,False,True,572.4056455327897,307,12.060681819915771,False
3.4301204681396484,110.03499603271484,0.21385645866394043,0.9458006024360657,-0.3247477114200592,4.749492549842416,False,True,557.4056441004091,308,12.092602252960205,False
3.897298574447632,109.95122528076172,0.21391810476779938,0.9618984460830688,-0.27340659499168396,4.808368692799623,False,True,557.4056441004091,309,12.125885248184204,False
4.372320652008057,109.88481140136719,0.21403087675571442,0.9741504192352295,-0.22589996457099915,4.840125213058012,False,True,557.4056441004091,310,12.16126275062561,False
4.851888179779053,109.83622741699219,0.21418029069900513,0.9834110736846924,-0.18139095604419708,4.8525291037393865,False,True,557.4056441004091,311,12.197145462036133,False
5.334580421447754,109.8009033203125,0.21421188116073608,0.9897580146789551,-0.14275528490543365,4.862834451056047,False,True,557.4056441004091,312,12.230398654937744,False
5.818953037261963,109.775634765625,0.21429561078548431,0.9938973784446716,-0.11030858755111694,4.865034571365003,False,True,557.4056441004091,313,12.261745691299438,False
6.3042731285095215,109.75834655761719,0.21446563303470612,0.9965014457702637,-0.08357523381710052,4.866150303549924,False,True,557.4056441004091,314,12.293784379959106,False
6.790167808532715,109.74651336669922,0.2144981324672699,0.9980531334877014,-0.06236962229013443,4.866160422871509,False,True,557.4056441004091,315,12.326475858688354,False
7.2761993408203125,109.7392349243164,0.2144836038351059,0.9989700317382812,-0.04537427797913551,4.86250068045197,False,True,557.4056441004091,316,12.359555721282959,False
7.7618021965026855,109.73548889160156,0.2144651710987091,0.9994907379150391,-0.03190990537405014,4.85459802251161,False,True,557.4056441004091,317,12.39159083366394,False
8.246217727661133,109.729736328125,0.21445448696613312,0.9996885061264038,-0.024957090616226196,4.836254040305618,False,True,557.4056441004091,318,12.42318606376648,False
8.728293418884277,109.7208480834961,0.21445178985595703,0.9997416138648987,-0.022731848061084747,4.8086808545575135,False,True,557.4056441004091,319,12.453952550888062,False
9.207666397094727,109.70982360839844,0.214451864361763,0.9997376203536987,-0.022904913872480392,4.785953953544692,False,True,557.4056441004091,320,12.485290050506592,False
9.685361862182617,109.69747161865234,0.21445052325725555,0.9997127056121826,-0.0239682849496603,4.773668625289405,False,True,557.4056441004091,321,12.516324043273926,False
10.162344932556152,109.68428802490234,0.21444739401340485,0.9996805191040039,-0.025276564061641693,4.771779759089928,False,True,557.4056441004091,322,12.546980619430542,False
10.63962459564209,109.66919708251953,0.21444343030452728,0.9996203780174255,-0.02755117602646351,4.779364212119426,False,True,557.4056441004091,323,12.578754901885986,False
11.118091583251953,109.65296936035156,0.21443915367126465,0.9995561242103577,-0.029792634770274162,4.795286008092393,False,True,557.4056441004091,324,12.61209511756897,False
11.598405838012695,109.63602447509766,0.21443553268909454,0.9994967579841614,-0.03172197937965393,4.815281389804413,False,True,557.4056441004091,325,12.643627643585205,False
12.08060359954834,109.61776733398438,0.21443355083465576,0.9994243383407593,-0.03392641991376877,4.833284544899014,False,True,557.4056441004091,326,12.676894664764404,False
12.564376831054688,109.5992431640625,0.2144334763288498,0.9993717670440674,-0.035441916435956955,4.847282367027903,False,True,557.4056441004091,327,12.708281755447388,False
13.049392700195312,109.58222198486328,0.21443438529968262,0.999378502368927,-0.035250816494226456,4.8575970535337945,False,True,557.4056441004091,328,12.73966121673584,False
13.535274505615234,109.5657958984375,0.2144361138343811,0.9993966817855835,-0.03473182022571564,4.864196953454326,False,True,557.4056441004091,329,12.77330732345581,False
14.02151870727539,109.55043029785156,0.21443824470043182,0.9994369149208069,-0.03355379030108452,4.864417148551377,False,True,557.4056441004091,330,12.807039976119995,False
14.507522583007812,109.5370864868164,0.21444068849086761,0.9995095729827881,-0.0313141830265522,4.8594891079646185,False,True,557.4056441004091,331,12.83713436126709,False
14.99290657043457,109.52547454833984,0.21444296836853027,0.9995898604393005,-0.028637317940592766,4.851506739528404,False,True,557.4056441004091,332,12.86889910697937,False
15.477540969848633,109.51547241210938,0.21444430947303772,0.9996687173843384,-0.025738205760717392,4.844890077791067,False,True,557.4056441004091,333,12.899864435195923,False
15.961825370788574,109.50587463378906,0.2144438475370407,0.9997201561927795,-0.023655185475945473,4.843973059840131,False,True,557.4056441004091,334,12.93474292755127,False
16.446203231811523,109.49634552001953,0.21444259583950043,0.9997525811195374,-0.022244615480303764,4.845198299410932,False,True,557.4056441004091,335,12.970130443572998,False
16.9306583404541,109.48672485351562,0.21444179117679596,0.9997705817222595,-0.021418701857328415,4.845612467241839,False,True,557.4056441004091,336,13.00541090965271,False
17.414958953857422,109.48120880126953,0.21444205939769745,0.9998438358306885,-0.017672881484031677,4.8419569954045745,False,True,557.4056441004091,337,13.040752172470093,False
17.89895248413086,109.4774169921875,0.21444255113601685,0.99989914894104,-0.014201095327734947,4.838648678185439,False,True,557.4056441004091,338,13.07612156867981,False
18.382434844970703,109.47178649902344,0.21444323658943176,0.9999107718467712,-0.013359082862734795,4.831779161609006,False,True,542.4056436216965,339,13.111724138259888,False
18.865123748779297,109.46808624267578,0.21444442868232727,0.9999368190765381,-0.011243095621466637,4.823897773507499,False,True,542.4056436216965,340,13.147072792053223,False
19.34722328186035,109.46460723876953,0.2144443392753601,0.9999513030052185,-0.009868982248008251,4.81944961182207,False,True,542.4056436216965,341,13.181950807571411,False
19.8287353515625,109.46018981933594,0.21444453299045563,0.9999535083770752,-0.009641557931900024,4.8105679192266315,False,True,542.4056436216965,342,13.216830492019653,False
20.30904769897461,109.45567321777344,0.2144457995891571,0.999954342842102,-0.009557407349348068,4.797309939494625,False,True,542.4056436216965,343,13.251771450042725,False
20.788219451904297,109.449951171875,0.2144462913274765,0.9999455809593201,-0.010433542542159557,4.789227935242773,False,True,542.4056436216965,344,13.286746740341187,False
21.26705551147461,109.44336700439453,0.2144448459148407,0.999932587146759,-0.011613784357905388,4.7895637932746515,False,True,542.4056436216965,345,13.322014808654785,False
21.746084213256836,109.43368530273438,0.21444252133369446,0.9998911023139954,-0.01475763600319624,4.793545278096521,False,True,542.4056436216965,346,13.3559410572052,False
22.225658416748047,109.42227172851562,0.21444042026996613,0.9998390078544617,-0.01794181577861309,4.800447721282674,False,True,542.4056436216965,347,13.38950252532959,False
22.70607566833496,109.41178131103516,0.21443870663642883,0.9998144507408142,-0.019263047724962234,4.809881008167917,False,True,542.4056436216965,348,13.421058654785156,False
23.18750762939453,109.40221405029297,0.2144375890493393,0.9998106956481934,-0.01945582963526249,4.819160368597329,False,True,542.4056436216965,349,13.451365232467651,False
23.669811248779297,109.3934555053711,0.2144373208284378,0.9998200535774231,-0.018969088792800903,4.827850567499855,False,True,542.4056436216965,350,13.482473134994507,False
24.152921676635742,109.38764190673828,0.21443751454353333,0.9998655915260315,-0.01639474742114544,4.834357649585722,False,True,542.4056436216965,351,13.513163328170776,False
24.63656997680664,109.38301849365234,0.2144383192062378,0.9999024868011475,-0.013965162448585033,4.838117173617975,False,True,542.4056436216965,352,13.543755292892456,False
25.12046241760254,109.37911987304688,0.21443931758403778,0.9999299049377441,-0.011840670369565487,4.8399889600484185,False,True,542.4056436216965,353,13.574156761169434,False
25.60457420349121,109.37650299072266,0.21443992853164673,0.9999546408653259,-0.009527048096060753,4.842473342664603,False,True,542.4056436216965,354,13.605027675628662,False
26.088947296142578,109.37478637695312,0.21444018185138702,0.9999727010726929,-0.00738541129976511,4.844738211174095,False,True,542.4056436216965,355,13.636428356170654,False
26.573360443115234,109.37448120117188,0.21444083750247955,0.9999878406524658,-0.004933218937367201,4.84296951065775,False,True,542.4056436216965,356,13.667301416397095,False
27.05742073059082,109.37649536132812,0.21444213390350342,0.9999986290931702,-0.0016421042382717133,4.839176338369892,False,True,542.4056436216965,357,13.696980476379395,False
27.541006088256836,109.37953186035156,0.21444304287433624,0.9999992847442627,0.0011801563668996096,4.832688191888307,False,True,542.4056436216965,358,13.726727962493896,False
28.023529052734375,109.38321685791016,0.2144450694322586,0.9999939203262329,0.003484665649011731,4.818091096746878,False,True,542.4056436216965,359,13.757088899612427,False
28.50432777404785,109.38650512695312,0.2144475132226944,0.9999892711639404,0.004627717658877373,4.800163805110771,False,True,542.4056436216965,360,13.787534713745117,False
28.98360824584961,109.39046478271484,0.21444827318191528,0.9999823570251465,0.0059403530322015285,4.788656706884416,False,True,542.4056436216965,361,13.822659730911255,False
29.462289810180664,109.39545440673828,0.21444644033908844,0.9999716281890869,0.007533445488661528,4.7873503974707425,False,True,542.4056436216965,362,13.858206272125244,False
29.94110679626465,109.40006256103516,0.21444374322891235,0.9999659061431885,0.008256369270384312,4.788958591481012,False,True,542.4056436216965,363,13.893726825714111,False
30.42010498046875,109.40357971191406,0.21444198489189148,0.9999688267707825,0.007899490185081959,4.791345345096193,False,True,542.4056436216965,364,13.929431915283203,False
30.899532318115234,109.40650177001953,0.21444037556648254,0.999973714351654,0.0072517539374530315,4.7975382053132885,False,True,542.4056436216965,365,13.963299751281738,False
31.37959861755371,109.40898132324219,0.21443942189216614,0.9999788403511047,0.006505793426185846,4.8027297215654166,False,True,542.4056436216965,366,13.994370460510254,False
31.860065460205078,109.4108657836914,0.21443934738636017,0.9999844431877136,0.0055762664414942265,4.806468524708755,False,True,542.4056436216965,367,14.025578498840332,False
32.34103775024414,109.41299438476562,0.21443893015384674,0.9999865293502808,0.005189988296478987,4.813146540768495,False,True,542.4056436216965,368,14.056400537490845,False
32.82270812988281,109.41502380371094,0.21443873643875122,0.9999883770942688,0.004827199038118124,4.819040433318173,False,True,542.4056436216965,369,14.08713698387146,False
33.30448532104492,109.41653442382812,0.2144400030374527,0.9999911189079285,0.004211035091429949,4.814623154333859,False,True,542.4056436216965,370,14.117965459823608,False
33.7852783203125,109.4169692993164,0.2144431620836258,0.9999954700469971,0.0030149046797305346,4.802001615498654,False,True,527.4126596828789,371,14.147922277450562,False
34.26517868041992,109.41641998291016,0.2144443392753601,0.9999988079071045,0.0015296406345441937,4.79951688340925,False,True,527.4126596828789,372,14.178094863891602,False
34.74564743041992,109.41502380371094,0.21444183588027954,1.0,-5.0600061513250694e-05,4.810257854669627,False,True,527.4126596828789,373,14.208530902862549,False
35.227500915527344,109.41364288330078,0.21443824470043182,0.999999463558197,-0.00102265365421772,4.825558232172466,False,True,527.4126596828789,374,14.24091362953186,False
35.71091079711914,109.41364288330078,0.21443575620651245,0.9999998211860657,-0.0006018742569722235,4.841084368899284,False,True,527.4126596828789,375,14.271050691604614,False
36.19525146484375,109.41504669189453,0.21443645656108856,0.9999997615814209,0.0006729332963004708,4.8417768010896385,False,True,527.4126596828789,376,14.30309772491455,False
36.6786994934082,109.4154281616211,0.2144409567117691,0.9999997615814209,0.0006628182018175721,4.827496010687425,False,True,527.4126596828789,377,14.334061861038208,False
37.16053771972656,109.41423797607422,0.2144452929496765,0.9999998807907104,-0.0004783037002198398,4.811369469483018,False,True,527.4126596828789,378,14.367282390594482,False
37.64106750488281,109.41458129882812,0.21444685757160187,1.0,2.6429474019096233e-05,4.802151572681998,False,True,527.4126596828789,379,14.40128207206726,False
38.1209602355957,109.41593170166016,0.21444609761238098,0.999999463558197,0.001026863232254982,4.795853267410301,False,True,527.4126596828789,380,14.43285083770752,False
38.60013961791992,109.4193115234375,0.21444538235664368,0.9999948143959045,0.00321775721386075,4.789218334703575,False,True,527.4126596828789,381,14.464784383773804,False
39.07901382446289,109.4212646484375,0.21444392204284668,0.9999940991401672,0.0034271313343197107,4.790453612615549,False,True,527.4126596828789,382,14.49576449394226,False
39.558284759521484,109.42057037353516,0.21444186568260193,0.9999986290931702,0.0016576580237597227,4.793975585327138,False,True,527.4126596828789,383,14.525975227355957,False
40.03765869140625,109.42037200927734,0.21444132924079895,0.9999995231628418,0.000969155749771744,4.793121509812363,False,True,527.4126596828789,384,14.557647943496704,False
40.51698303222656,109.42117309570312,0.2144412249326706,0.9999992251396179,0.0012369008036330342,4.794154601192829,False,True,527.4126596828789,385,14.587968111038208,False
40.99669647216797,109.4216079711914,0.21444034576416016,0.9999994039535522,0.001116033992730081,4.800374989148766,False,True,527.4126596828789,386,14.618444204330444,False
41.4769287109375,109.42283630371094,0.21443983912467957,0.9999986290931702,0.0016684640431776643,4.802143963257064,False,True,527.4126596828789,387,14.651511669158936,False
41.957191467285156,109.42403411865234,0.21444030106067657,0.999998152256012,0.0019297649851068854,4.804342353196169,False,True,527.4126596828789,388,14.68414044380188,False
42.438079833984375,109.42376708984375,0.21443934738636017,0.9999995231628418,0.000990677042864263,4.813827770477606,False,True,527.4126596828789,389,14.719030380249023,False
42.919857025146484,109.42292022705078,0.21443846821784973,1.0,1.0240386245641275e-06,4.819401041563751,False,True,527.4126596828789,390,14.754656076431274,False
43.401790618896484,109.42170715332031,0.21443946659564972,0.9999995827674866,-0.0008985503227449954,4.819152688717577,False,True,527.4126596828789,391,14.790318250656128,False
43.88357925415039,109.41969299316406,0.21444071829319,0.9999978542327881,-0.0020852533634752035,4.8166615242307556,False,True,527.4126596828789,392,14.823297500610352,False
44.36517333984375,109.4177017211914,0.21444156765937805,0.9999960660934448,-0.002804837189614773,4.816148705347829,False,True,527.4126596828789,393,14.854556798934937,False
44.84673309326172,109.41646575927734,0.21444186568260193,0.9999963641166687,-0.0027009746991097927,4.814248280934088,False,True,527.4126596828789,394,14.885920763015747,False
45.32781219482422,109.41700744628906,0.21444286406040192,0.9999991655349731,-0.0012751210015267134,4.8075390555376325,False,True,527.4126596828789,395,14.918131113052368,False
45.80824279785156,109.41791534423828,0.21444374322891235,1.0,-0.00016777912969700992,4.802413140859376,False,True,527.4126596828789,396,14.94901704788208,False
46.28835678100586,109.41874694824219,0.21444343030452728,0.9999998807907104,0.0005018118536099792,4.800461698984963,False,True,527.4126596828789,397,14.97999882698059,False
46.76826095581055,109.4189453125,0.21444304287433624,0.9999998807907104,0.00043257474317215383,4.797311517557265,False,True,527.4126596828789,398,15.011632680892944,False
47.247859954833984,109.4176025390625,0.21444281935691833,0.9999997019767761,-0.0007456850144080818,4.795778549175391,False,True,527.4126596828789,399,15.04365348815918,False
47.72768783569336,109.4162368774414,0.21444152295589447,0.999998927116394,-0.0014615422114729881,4.8018068646490715,False,True,527.4126596828789,400,15.07431411743164,False
48.20814895629883,109.415771484375,0.21444007754325867,0.9999992251396179,-0.0012639358174055815,4.805417110146217,False,True,527.4126596828789,401,15.109421730041504,False
48.68855285644531,109.41594696044922,0.21444083750247955,0.9999997615814209,-0.0006609965348616242,4.8021262696471885,False,True,512.4142241628614,402,15.140679836273193,False
49.168617248535156,109.41403198242188,0.21444186568260193,0.999998152256012,-0.0019313229713588953,4.800799743673094,False,True,512.4142241628614,403,15.172145366668701,False
49.648681640625,109.41207122802734,0.21444179117679596,0.999996542930603,-0.002638124395161867,4.800047012513285,False,True,512.4142241628614,404,15.203941822052002,False
50.12858200073242,109.41146850585938,0.21444198489189148,0.9999977946281433,-0.0021102868486195803,4.7985710212620685,False,True,512.4142241628614,405,15.23552393913269,False
50.60847091674805,109.40957641601562,0.2144416719675064,0.9999960064888,-0.0028181530069559813,4.799939859994948,False,True,512.4142241628614,406,15.266914129257202,False
51.08856201171875,109.4074478149414,0.21444125473499298,0.9999943375587463,-0.0033651641570031643,4.801351338920525,False,True,512.4142241628614,407,15.299581050872803,False
51.568603515625,109.40628814697266,0.21444156765937805,0.9999954700469971,-0.0030056387186050415,4.79892685022381,False,True,512.4142241628614,408,15.334481477737427,False
52.048362731933594,109.4056396484375,0.2144419401884079,0.999997079372406,-0.0024090930819511414,4.797145434947793,False,True,512.4142241628614,409,15.370038032531738,False
52.528167724609375,109.40412139892578,0.21444171667099,0.9999963045120239,-0.0027180188335478306,4.799367836186236,False,True,512.4142241628614,410,15.405619382858276,False
53.008148193359375,109.40299224853516,0.21444129943847656,0.9999967813491821,-0.0025459788739681244,4.799240258463584,False,True,512.4142241628614,411,15.441174983978271,False
53.487918853759766,109.4024887084961,0.21444171667099,0.9999979734420776,-0.0020170763600617647,4.796555881867528,False,True,512.4142241628614,412,15.476721286773682,False
53.96737289428711,109.40228271484375,0.2144424021244049,0.999998927116394,-0.0014567486941814423,4.792328366845291,False,True,512.4142241628614,413,15.50916337966919,False
54.44358444213867,109.38671875,0.21445071697235107,0.9999098181724548,-0.013427787460386753,4.742889885736369,False,True,512.4142241628614,414,15.540777444839478,False
54.91712951660156,109.36068725585938,0.21444998681545258,0.9996196031570435,-0.02757992409169674,4.751491762272975,False,True,512.4142241628614,415,15.575931549072266,False
55.39320373535156,109.34668731689453,0.2144419103860855,0.999610960483551,-0.02789139561355114,4.774869022636894,False,True,512.4142241628614,416,15.61137318611145,False
55.87217712402344,109.33845520019531,0.21443462371826172,0.9997124671936035,-0.023979995399713516,4.803078074023111,False,True,512.4142241628614,417,15.646742343902588,False
56.35369873046875,109.33259582519531,0.21443144977092743,0.999804675579071,-0.019765224307775497,4.824823132797143,False,True,512.4142241628614,418,15.682038068771362,False
56.83686065673828,109.32897186279297,0.2144322544336319,0.999882161617279,-0.015351454727351665,4.836200624088171,False,True,512.4142241628614,419,15.717524290084839,False
57.32046890258789,109.32762145996094,0.21443594992160797,0.9999411106109619,-0.010850036516785622,4.834129516484667,False,True,512.4142241628614,420,15.753023862838745,False
57.80323028564453,109.3280258178711,0.21444113552570343,0.999977707862854,-0.006681287661194801,4.82174824243493,False,True,512.4142241628614,421,15.785685062408447,False
58.2846794128418,109.3292236328125,0.21444480121135712,0.9999940991401672,-0.003435470862314105,4.809753404833089,False,True,512.4142241628614,422,15.818785667419434,False
58.76517105102539,109.33036041259766,0.21444590389728546,0.9999989867210388,-0.0014258560258895159,4.801407457150273,False,True,512.4142241628614,423,15.85103440284729,False
59.244911193847656,109.33406066894531,0.21444568037986755,0.999998152256012,0.001906975288875401,4.795256493377024,False,True,512.4142241628614,424,15.88120698928833,False
59.72430419921875,109.33946990966797,0.21444445848464966,0.9999864101409912,0.005214125849306583,4.794348769651634,False,True,512.4142241628614,425,15.912469387054443,False
60.203758239746094,109.34528350830078,0.2144428938627243,0.9999707341194153,0.007652406580746174,4.795320347221657,False,True,512.4142241628614,426,15.942634105682373,False
60.68331527709961,109.3509521484375,0.21444171667099,0.9999586939811707,0.009092090651392937,4.7964173249848026,False,True,512.4142241628614,427,15.972500562667847,False
61.16301727294922,109.35708618164062,0.2144412249326706,0.9999456405639648,0.01042412780225277,4.798326912611138,False,True,512.4142241628614,428,16.003293991088867,False
61.64297866821289,109.36204528808594,0.21444056928157806,0.9999465942382812,0.010334748774766922,4.8014750667753585,False,True,512.4142241628614,429,16.035332679748535,False
62.123294830322266,109.36328125,0.2144402712583542,0.9999721050262451,0.007466293405741453,4.805388806548115,False,True,512.4142241628614,430,16.067357540130615,False
62.6041259765625,109.36091613769531,0.21443961560726166,0.9999954104423523,0.0030210327822715044,4.811775090311677,False,True,512.4142241628614,431,16.098814487457275,False
63.0857048034668,109.35953521728516,0.21443858742713928,0.999999463558197,0.0010421291226521134,4.819836224652498,False,True,512.4142241628614,432,16.131240606307983,False
63.56797790527344,109.35895538330078,0.2144385129213333,0.9999999403953552,0.0002565844915807247,4.823958332923016,False,True,497.4142206945215,433,16.166321277618408,False
64.05034637451172,109.35857391357422,0.2144397348165512,1.0,-9.374326327815652e-05,4.823148951808449,False,True,497.4142206945215,434,16.197593688964844,False
64.53253936767578,109.3588638305664,0.21444106101989746,1.0,0.000179032125743106,4.820994722969575,False,True,497.4142206945215,435,16.229355335235596,False
65.01465606689453,109.36036682128906,0.21444140374660492,0.9999992251396179,0.0012657329207286239,4.822218290319563,False,True,497.4142206945215,436,16.260684967041016,False
65.49713897705078,109.36288452148438,0.21444064378738403,0.9999963641166687,0.0026889964938163757,4.827489258672516,False,True,497.4142206945215,437,16.290642023086548,False
65.97997283935547,109.36371612548828,0.2144402712583542,0.9999974370002747,0.00225467374548316,4.827705827926612,False,True,497.4142206945215,438,16.320436239242554,False
66.46250915527344,109.36416625976562,0.2144414782524109,0.9999983906745911,0.0017974674701690674,4.823115977480754,False,True,497.4142206945215,439,16.35032606124878,False
66.94467163085938,109.36581420898438,0.21444228291511536,0.999997079372406,0.0024077699054032564,4.821232736302875,False,True,497.4142206945215,440,16.38034987449646,False
67.42680358886719,109.36919403076172,0.21444213390350342,0.9999916553497314,0.0040884059853851795,4.821666330987986,False,True,497.4142206945215,441,16.415435314178467,False
67.90887451171875,109.37384796142578,0.2144419103860855,0.9999813437461853,0.006104807369410992,4.819840852167027,False,True,497.4142206945215,442,16.45121121406555,False
68.3907699584961,109.37849426269531,0.21444205939769745,0.9999730587005615,0.007339216768741608,4.819202479089927,False,True,497.4142206945215,443,16.486793756484985,False
68.87267303466797,109.38277435302734,0.2144419103860855,0.9999690055847168,0.007875240407884121,4.81883160049416,False,True,497.4142206945215,444,16.521982431411743,False
69.35448455810547,109.3869400024414,0.21444183588027954,0.9999668002128601,0.008150134235620499,4.817902151954737,False,True,497.4142206945215,445,16.557567358016968,False
69.83622741699219,109.39108276367188,0.21444179117679596,0.9999655485153198,0.008298331871628761,4.8174228120084255,False,True,497.4142206945215,446,16.593116998672485,False
70.31788635253906,109.39572143554688,0.21444186568260193,0.9999613761901855,0.008788224309682846,4.816257069713357,False,True,497.4142206945215,447,16.62869358062744,False
70.79918670654297,109.40084838867188,0.21444262564182281,0.9999552965164185,0.009455409832298756,4.8093889584638045,False,True,497.4142206945215,448,16.66401982307434,False
71.27960968017578,109.40660858154297,0.21444399654865265,0.9999462366104126,0.010368529707193375,4.801334089189168,False,True,497.4142206945215,449,16.699138164520264,False
71.757080078125,109.41246032714844,0.21445181965827942,0.9999392032623291,0.011028858833014965,4.733765652920504,False,True,497.4142206945215,450,16.73444366455078,False
72.22420501708984,109.41763305664062,0.21447047591209412,0.9999390840530396,0.011040245182812214,4.633644992030598,False,True,497.4142206945215,451,16.769764184951782,False
72.68659973144531,109.42192840576172,0.21446792781352997,0.9999455213546753,0.010435995645821095,4.627816027047862,False,True,497.4142206945215,452,16.804854154586792,False
73.15176391601562,109.42554473876953,0.21444888412952423,0.999954879283905,0.009502358734607697,4.676940708630217,False,True,497.4142206945215,453,16.84001612663269,False
73.6227035522461,109.42880249023438,0.21443061530590057,0.9999629259109497,0.008608038537204266,4.734092683107578,False,True,497.4142206945215,454,16.875202417373657,False
74.09844970703125,109.43174743652344,0.21442286670207977,0.9999699592590332,0.007753646932542324,4.773651592519929,False,True,497.4142206945215,455,16.910517930984497,False
74.57711029052734,109.43399047851562,0.21442405879497528,0.9999778866767883,0.00665277149528265,4.7949547499198,False,True,497.4142206945215,456,16.94567608833313,False
75.05712890625,109.43646240234375,0.21442927420139313,0.9999811053276062,0.0061499932780861855,4.803311329612429,False,True,497.4142206945215,457,16.98086166381836,False
75.53750610351562,109.43929290771484,0.21443477272987366,0.9999816417694092,0.006060311570763588,4.8030717484032275,False,True,497.4142206945215,458,17.016128301620483,False
76.01762390136719,109.44126892089844,0.21443915367126465,0.9999858140945435,0.00532886665314436,4.799794330051242,False,True,497.4142206945215,459,17.05117392539978,False
76.4974594116211,109.44241333007812,0.21444132924079895,0.9999908208847046,0.004280176945030689,4.797544844662488,False,True,497.4142206945215,460,17.086498498916626,False
76.97711944580078,109.44316101074219,0.2144422084093094,0.9999944567680359,0.003326809499412775,4.795783831595465,False,True,497.4142206945215,461,17.121744871139526,False
77.45663452148438,109.4415512084961,0.21444228291511536,0.9999996423721313,0.000873514567501843,4.79580160911298,False,True,497.4142206945215,462,17.157016277313232,False
77.93626403808594,109.43779754638672,0.2144416719675064,0.9999975562095642,-0.002214150270447135,4.797105473114264,False,True,497.4142206945215,463,17.19214963912964,False
78.41593933105469,109.43363952636719,0.21444156765937805,0.9999899864196777,-0.004477290902286768,4.79642155273089,False,True,482.41421722099136,464,17.22733235359192,False
78.89553833007812,109.42955017089844,0.21444156765937805,0.9999825954437256,-0.005897270515561104,4.796438277419987,False,True,482.41421722099136,465,17.262439727783203,False
79.37501525878906,109.42469787597656,0.2144419401884079,0.9999725818634033,-0.007403520401567221,4.792630806631987,False,True,482.41421722099136,466,17.297643899917603,False
79.8539810180664,109.4190673828125,0.21444281935691833,0.9999600052833557,-0.008943307213485241,4.788717012418325,False,True,482.41421722099136,467,17.332821130752563,False
80.33287811279297,109.4129867553711,0.21444228291511536,0.9999473094940186,-0.010267902165651321,4.791003815952787,False,True,482.41421722099136,468,17.368387937545776,False
80.81240844726562,109.4069595336914,0.21444030106067657,0.9999387264251709,-0.011067870073020458,4.800606761999568,False,True,482.41421722099136,469,17.404223203659058,False
81.29326629638672,109.401123046875,0.21443748474121094,0.9999346733093262,-0.011431102640926838,4.816600436930017,False,True,482.41421722099136,470,17.435505151748657,False
81.77550506591797,109.39607238769531,0.21443621814250946,0.9999388456344604,-0.011060412973165512,4.825515095061444,False,True,482.41421722099136,471,17.46821165084839,False
82.25788116455078,109.39151763916016,0.21443843841552734,0.9999451041221619,-0.01047668419778347,4.821004386516174,False,True,482.41421722099136,472,17.501067638397217,False
82.73946380615234,109.3869400024414,0.21444179117679596,0.9999485611915588,-0.010141143575310707,4.811667542727667,False,True,482.41421722099136,473,17.537095069885254,False
83.22029876708984,109.38307189941406,0.2144436240196228,0.9999561309814453,-0.009365133941173553,4.8072087233943055,False,True,482.41421722099136,474,17.573453426361084,False
83.70100402832031,109.38040161132812,0.21444308757781982,0.9999680519104004,-0.007993126288056374,4.807700434125872,False,True,482.41421722099136,475,17.609385013580322,False
84.18211364746094,109.37940979003906,0.21444140374660492,0.9999828934669495,-0.0058519961312413216,4.815220655198841,False,True,482.41421722099136,476,17.64935541152954,False
84.66404724121094,109.37971496582031,0.21443957090377808,0.9999938011169434,-0.0035292136017233133,4.8211786233190335,False,True,482.41421722099136,477,17.689342498779297,False
85.14611053466797,109.37913513183594,0.21444007754325867,0.9999961853027344,-0.002765422686934471,4.819158750356391,False,True,482.41421722099136,478,17.72885227203369,False
85.62757873535156,109.37812042236328,0.214442178606987,0.9999967813491821,-0.0025273370556533337,4.809624802493844,False,True,482.41421722099136,479,17.76877760887146,False
86.10787200927734,109.37808990478516,0.21444469690322876,0.9999986886978149,-0.0016213316703215241,4.79806696186452,False,True,482.41421722099136,480,17.807080268859863,False
86.587158203125,109.37820434570312,0.21444572508335114,0.9999995231628418,-0.00099229346960783,4.78910270736114,False,True,482.41421722099136,481,17.844586610794067,False
87.06578063964844,109.37667846679688,0.21444526314735413,0.9999983310699463,-0.0018370472826063633,4.784970889702717,False,True,482.41421722099136,482,17.88153314590454,False
87.544189453125,109.37505340576172,0.2144441157579422,0.9999972581863403,-0.0023414487950503826,4.783215901532928,False,True,482.41421722099136,483,17.91863751411438,False
88.02267456054688,109.37491607666016,0.21444232761859894,0.9999987483024597,-0.0015739273512735963,4.78791074931834,False,True,482.41421722099136,484,17.955416440963745,False
88.5018539428711,109.37420654296875,0.2144402265548706,0.9999987483024597,-0.001581916818395257,4.794162494626319,False,True,482.41421722099136,485,17.992825508117676,False
88.98169708251953,109.37306213378906,0.2144388109445572,0.9999982714653015,-0.001857820083387196,4.803188758002688,False,True,482.41421722099136,486,18.025298833847046,False
89.46276092529297,109.37265014648438,0.21443714201450348,0.999998927116394,-0.0014833798632025719,4.81700191589984,False,True,482.41421722099136,487,18.055627584457397,False
89.9451675415039,109.37406921386719,0.21443599462509155,1.0,0.0001366619544569403,4.829600165306324,False,True,482.41421722099136,488,18.08780288696289,False
90.42850494384766,109.37686920166016,0.21443645656108856,0.9999976754188538,0.0021691923029720783,4.835338803566735,False,True,482.41421722099136,489,18.121767044067383,False
90.91207885742188,109.38037109375,0.21443839371204376,0.9999921321868896,0.0039702728390693665,4.835583443365617,False,True,482.41421722099136,490,18.158440113067627,False
91.39557647705078,109.38370513916016,0.21444007754325867,0.9999876022338867,0.004979817196726799,4.835011962521983,False,True,482.41421722099136,491,18.192445516586304,False
91.87894439697266,109.38628387451172,0.2144414782524109,0.9999871850013733,0.00506750401109457,4.831735072735672,False,True,482.41421722099136,492,18.225653886795044,False
92.36192321777344,109.38699340820312,0.2144424319267273,0.999993085861206,0.0037189400754868984,4.82908402250177,False,True,482.41421722099136,493,18.26065182685852,False
92.84469604492188,109.38835906982422,0.21444262564182281,0.9999939799308777,0.0034669595770537853,4.826284917233796,False,True,482.41421722099136,494,18.293421030044556,False
93.32705688476562,109.3900146484375,0.21444296836853027,0.9999940991401672,0.00343210413120687,4.821177094320855,False,True,467.41422138204416,495,18.32676362991333,False
93.80889129638672,109.38965606689453,0.2144436240196228,0.9999982118606567,0.0018841532291844487,4.8162740061287685,False,True,467.41422138204416,496,18.358766078948975,False
94.29032897949219,109.38748931884766,0.21444347500801086,0.9999999403953552,-0.00040586572140455246,4.813720799227975,False,True,467.41422138204416,497,18.392018795013428,False
94.77162170410156,109.38412475585938,0.21444296836853027,0.9999961853027344,-0.0027638247702270746,4.812539324708045,False,True,467.41422138204416,498,18.425586223602295,False
95.25286865234375,109.37975311279297,0.21444232761859894,0.9999874234199524,-0.005020037293434143,4.812450361846056,False,True,467.41422138204416,499,18.460156679153442,False
95.73406982421875,109.37505340576172,0.21444186568260193,0.9999776482582092,-0.006684483960270882,4.8115684597952555,False,True,467.41422138204416,500,18.490344047546387,False
96.21507263183594,109.36908721923828,0.21444213390350342,0.9999617338180542,-0.008748370222747326,4.809997940048252,False,True,467.41422138204416,501,18.522830963134766,False
96.69606018066406,109.36289978027344,0.21444183588027954,0.9999480843544006,-0.010186947882175446,4.810740124293203,False,True,467.41422138204416,502,18.558446884155273,False
97.17728424072266,109.3590087890625,0.21444106101989746,0.9999564290046692,-0.009332113899290562,4.814394243186758,False,True,467.41422138204416,503,18.5944242477417,False
97.6589126586914,109.3568344116211,0.21444037556648254,0.9999711513519287,-0.007596859708428383,4.81776502710289,False,True,467.41422138204416,504,18.630355834960938,False
98.1407241821289,109.35527038574219,0.2144404947757721,0.999981701374054,-0.006049066316336393,4.817529075017392,False,True,467.41422138204416,505,18.665854930877686,False
98.62238311767578,109.35123443603516,0.214441180229187,0.9999756217002869,-0.006979555822908878,4.817081544006198,False,True,467.41422138204416,506,18.702202558517456,False
99.10411071777344,109.34679412841797,0.21444129943847656,0.9999699592590332,-0.007750785909593105,4.817956177699292,False,True,467.41422138204416,507,18.73813533782959,False
99.58567810058594,109.34474182128906,0.21444198489189148,0.9999793767929077,-0.006424032151699066,4.813083658233815,False,True,467.41422138204416,508,18.774372577667236,False
100.06648254394531,109.34456634521484,0.21444369852542877,0.9999909996986389,-0.0042493268847465515,4.803876833328092,False,True,467.41422138204416,509,18.810824871063232,False
100.54638671875,109.34442901611328,0.21444480121135712,0.9999958872795105,-0.002860231092199683,4.79541343838361,False,True,467.41422138204416,510,18.847180128097534,False
101.02566528320312,109.34331512451172,0.21444487571716309,0.9999963045120239,-0.0027196165174245834,4.791492810584026,False,True,467.41422138204416,511,18.883121490478516,False
101.50472259521484,109.34261322021484,0.21444377303123474,0.9999974966049194,-0.002246107906103134,4.790103745059944,False,True,467.41422138204416,512,18.920233726501465,False
101.98367309570312,109.34244537353516,0.21444281935691833,0.9999987483024597,-0.001573394751176238,4.7887238732496,False,True,467.41422138204416,513,18.95595145225525,False
102.4623794555664,109.34201049804688,0.21444274485111237,0.9999991059303284,-0.001356080872938037,4.785618077596636,False,True,467.41422138204416,514,18.991753339767456,False
102.94078063964844,109.3408203125,0.21444278955459595,0.9999984502792358,-0.0017699358286336064,4.7830508369780365,False,True,467.41422138204416,515,19.027540683746338,False
103.41903686523438,109.33768463134766,0.21444232761859894,0.9999938011169434,-0.0035292136017233133,4.783436433354137,False,True,467.41422138204416,516,19.06359338760376,False
103.89736938476562,109.33421325683594,0.21444174647331238,0.9999883770942688,-0.004821900278329849,4.783527574046665,False,True,467.41422138204416,517,19.099884033203125,False
104.3756332397461,109.33138275146484,0.21444186568260193,0.9999865889549255,-0.005183019675314426,4.782019150431809,False,True,467.41422138204416,518,19.136048078536987,False
104.85387420654297,109.32876586914062,0.2144416719675064,0.9999860525131226,-0.005281023681163788,4.783109686861584,False,True,467.41422138204416,519,19.172334671020508,False
105.33234405517578,109.32618713378906,0.2144409567117691,0.9999858736991882,-0.005316709168255329,4.78625531938722,False,True,467.41422138204416,520,19.20854616165161,False
105.81117248535156,109.32353210449219,0.2144402265548706,0.99998539686203,-0.005405125208199024,4.790319924756152,False,True,467.41422138204416,521,19.2451331615448,False
106.29039001464844,109.32179260253906,0.21443992853164673,0.9999887943267822,-0.004730821121484041,4.793549794976368,False,True,467.41422138204416,522,19.281168222427368,False
106.76982879638672,109.32130432128906,0.21444018185138702,0.9999942183494568,-0.003399784443899989,4.794633938596938,False,True,467.41422138204416,523,19.3143630027771,False
107.24922943115234,109.32196044921875,0.2144409567117691,0.9999985694885254,-0.0016953673912212253,4.792811267614767,False,True,467.41422138204416,524,19.346346855163574,False
107.72843170166016,109.32278442382812,0.2144416719675064,0.9999998807907104,-0.0005171858356334269,4.791746004814602,False,True,467.41422138204416,525,19.378268241882324,False
108.20763397216797,109.32301330566406,0.21444179117679596,1.0,-0.00019813916878774762,4.791523934290841,False,True,467.41422138204416,526,19.412842273712158,False
108.68661499023438,109.32401275634766,0.21444213390350342,0.9999998211860657,0.0006321254186332226,4.787689684649121,False,True,452.414225543097,527,19.44615077972412,False
109.16533660888672,109.32561492919922,0.21444225311279297,0.9999987483024597,0.0015872711082920432,4.788515719160342,False,True,452.414225543097,528,19.47987151145935,False
109.64440155029297,109.32757568359375,0.2144412249326706,0.9999969005584717,0.0024895851965993643,4.791844481632395,False,True,452.414225543097,529,19.51576328277588,False
110.12368774414062,109.33015441894531,0.21444064378738403,0.9999938011169434,0.003514215350151062,4.793979931720524,False,True,452.414225543097,530,19.551694631576538,False
110.60309600830078,109.33323669433594,0.21444083750247955,0.9999896287918091,0.004554620012640953,4.794333155630757,False,True,452.414225543097,531,19.586469411849976,False
111.08246612548828,109.33616638183594,0.2144412249326706,0.9999870657920837,0.005089419428259134,4.79341208673763,False,True,452.414225543097,532,19.620018243789673,False
111.56179809570312,109.3389892578125,0.21444140374660492,0.9999855756759644,0.005374392960220575,4.793884499808838,False,True,452.414225543097,533,19.65251111984253,False
112.0414047241211,109.34235382080078,0.21444083750247955,0.9999821186065674,0.005980442278087139,4.798586686935726,False,True,452.414225543097,534,19.68634057044983,False
112.52151489257812,109.3465805053711,0.21443992853164673,0.9999754428863525,0.0070060547441244125,4.802840613411243,False,True,452.414225543097,535,19.719170570373535,False
113.00176239013672,109.35142517089844,0.21444037556648254,0.999967098236084,0.008108304813504219,4.802252158736068,False,True,452.414225543097,536,19.75289297103882,False
113.48194885253906,109.35694122314453,0.21444103121757507,0.999956488609314,0.009330476634204388,4.802213461620153,False,True,452.414225543097,537,19.7855384349823,False
113.96237182617188,109.36297607421875,0.21444061398506165,0.9999450445175171,0.010481922887265682,4.807458399239254,False,True,452.414225543097,538,19.81990933418274,False
114.44342803955078,109.36908721923828,0.21443957090377808,0.9999366402626038,0.01125654298812151,4.813404683977443,False,True,452.414225543097,539,19.85582137107849,False
114.92489624023438,109.37477111816406,0.21443942189216614,0.9999346733093262,0.011432426981627941,4.815858744291314,False,True,452.414225543097,540,19.891071796417236,False
115.40650939941406,109.3797836303711,0.21443995833396912,0.9999390244483948,0.011041966266930103,4.816803468092129,False,True,452.414225543097,541,19.926429510116577,False
115.88821411132812,109.38330078125,0.21444052457809448,0.9999532699584961,0.009668863378465176,4.817650883544258,False,True,452.414225543097,542,19.96148943901062,False
116.36991882324219,109.38675689697266,0.21444110572338104,0.9999611973762512,0.008808593265712261,4.816424975836023,False,True,452.414225543097,543,19.996554613113403,False
116.8512954711914,109.39067840576172,0.21444208920001984,0.9999631643295288,0.00858447514474392,4.8115039360619605,False,True,452.414225543097,544,20.031583070755005,False
117.33208465576172,109.39412689208984,0.2144433856010437,0.9999673366546631,0.008079176768660545,4.805180994870621,False,True,452.414225543097,545,20.066946268081665,False
117.81232452392578,109.39677429199219,0.2144438475370407,0.9999744296073914,0.007151259575039148,4.800523680389772,False,True,452.414225543097,546,20.102497816085815,False
118.292236328125,109.3985595703125,0.21444350481033325,0.9999825358390808,0.005914221052080393,4.798568215558002,False,True,452.414225543097,547,20.138012647628784,False
118.77216339111328,109.39967346191406,0.2144424021244049,0.9999892115592957,0.004639714956283569,4.800291361059259,False,True,452.414225543097,548,20.17340326309204,False
119.25234985351562,109.40003967285156,0.21444132924079895,0.999994695186615,0.003252762369811535,4.803223458167875,False,True,452.414225543097,549,20.208746433258057,False
119.7327880859375,109.39928436279297,0.21444071829319,0.9999988079071045,0.0015257743652909994,4.805274231578587,False,True,452.414225543097,550,20.244361639022827,False
120.2133560180664,109.39844512939453,0.21444071829319,0.9999999403953552,0.00040082275518216193,4.806007974859897,False,True,452.414225543097,551,20.27980637550354,False
120.69385528564453,109.39810943603516,0.21444137394428253,1.0,4.01636389142368e-05,4.803569005520926,False,True,452.414225543097,552,20.315369606018066,False
121.17414855957031,109.39917755126953,0.21444183588027954,0.9999996423721313,0.0008728157263249159,4.803619964046912,False,True,452.414225543097,553,20.35068941116333,False
121.65471649169922,109.40148162841797,0.21444110572338104,0.9999974370002747,0.0022750692442059517,4.8075893710390565,False,True,452.414225543097,554,20.386019229888916,False
122.13545989990234,109.40336608886719,0.21444103121757507,0.9999960064888,0.0028275137301534414,4.805982733058243,False,True,452.414225543097,555,20.421477556228638,False
122.61573791503906,109.40511322021484,0.214442178606987,0.9999951124191284,0.0031304508447647095,4.800299020261083,False,True,452.414225543097,556,20.456770181655884,False
123.09542846679688,109.40726470947266,0.21444331109523773,0.9999935030937195,0.00360997230745852,4.794011993568173,False,True,452.414225543097,557,20.49112319946289,False
123.57455444335938,109.41020965576172,0.2144438922405243,0.9999897480010986,0.0045290193520486355,4.7899045454413995,False,True,437.41150791777966,558,20.524842023849487,False
124.05333709716797,109.41388702392578,0.21444357931613922,0.9999840259552002,0.005649717990309,4.786178473917037,False,True,437.41150791777966,559,20.556046962738037,False
124.53179168701172,109.41837310791016,0.21444328129291534,0.9999756813049316,0.006976932752877474,4.78409587922311,False,True,437.41150791777966,560,20.58665943145752,False
125.0102767944336,109.42247772216797,0.21444232761859894,0.9999718070030212,0.007506425026804209,4.786225308745719,False,True,437.41150791777966,561,20.61828637123108,False
125.48905181884766,109.42279815673828,0.21444103121757507,0.9999877214431763,0.00495802192017436,4.790192852489889,False,True,437.41150791777966,562,20.650705814361572,False
125.96823120117188,109.42293548583984,0.21444030106067657,0.9999942779541016,0.003383570583537221,4.792505449663093,False,True,437.41150791777966,563,20.684268951416016,False
126.44752502441406,109.42400360107422,0.21444056928157806,0.9999955296516418,0.0029900914523750544,4.792541675663918,False,True,437.41150791777966,564,20.718663215637207,False
126.92689514160156,109.42508697509766,0.21444076299667358,0.9999962449073792,0.0027483964804559946,4.795167731328866,False,True,437.41150791777966,565,20.750096082687378,False
127.4066390991211,109.42604064941406,0.21444018185138702,0.9999969005584717,0.0024815816432237625,4.799218492184583,False,True,437.41150791777966,566,20.81021475791931,False
127.88676452636719,109.4266586303711,0.21443992853164673,0.9999979138374329,0.0020335568115115166,4.802727048262236,False,True,437.41150791777966,567,20.845422506332397,False
128.3671875,109.42567443847656,0.21443992853164673,0.9999998807907104,0.0005441674147732556,4.805468126807355,False,True,437.41150791777966,568,20.88110852241516,False
128.84808349609375,109.42539978027344,0.21443942189216614,1.0,0.00020992718054912984,4.813264298509893,False,True,437.41150791777966,569,20.915948152542114,False
